tree	leaf	site	lat	long	loc	use	scan uploaded	bladeL	bladeW	sinusMinL	sinusNextL	petioleL	petioleW	bladeLtoWidestPoint	Area	Mass	Area/Mass	bladeBaseAngle	TotalL.PL+BL	PL/TL	SinusRatio	SinusRatioN	BL/BW	PL/PW	BL/BW.over.PL/PW	BL/BLWP	BW/SinusMinL
IA-MG243	E-A	Cherokee Park Trail	41.97454	-91.72161	IA	T	y	166.865	117.611	32.642	68.36	23.601	1.444	129.322	10564.184	1.406	7513.644381	84.566	190.466	0.1239118793	0.4775014628		1.418787358	16.34418283	0.08680687028	1.290306367	3.603057411
IA-MG243	E-B	Cherokee Park Trail	41.97454	-91.72161	IA	T	y	142.588	93.277	33.815	53.732	19.053	1.08	111.572	7752.508	1.042	7440.026871	79.99	161.641	0.117872322	0.6293270304		1.528651222	17.64166667	0.08665004563	1.277990894	2.758450392
IA-MG243	N-A	Cherokee Park Trail	41.97454	-91.72161	IA	T	y	105.062	68.33	29.095	33.464	15.347	1.042	83.858	4143.963	0.414	10009.57246	84.78	120.409	0.1274572499	0.8694417882		1.537567686	14.72840691	0.1043947044	1.252856019	2.34851349
IA-MG243	N-B	Cherokee Park Trail	41.97454	-91.72161	IA	T	y	146.608	99.082	9.418	19.651	22.73	0.947	107.735	6491.729	0.575	11289.96348	71.152	169.338	0.1342285843	0.4792631418		1.479663309	24.00211193	0.0616472131	1.360820532	10.52049267
IA-MG243	S-A	Cherokee Park Trail	41.97454	-91.72161	IA	T	y	147.568	105.294	9.1	20.71	25.566	1.151	105.237	6207.99	0.815	7617.165644	68.61	173.134	0.1476659697	0.4394012554		1.401485365	22.21198957	0.06309589513	1.402244458	11.57076923
IA-MG243	S-B	Cherokee Park Trail	41.97454	-91.72161	IA	T	y	111.389	64.006	32.354	53.259	17.651	1.189	98.708	6087.655	0.893	6817.082867	80.542	129.04	0.1367870428	0.6074841811		1.740289973	14.84524811	0.1172287563	1.12846983	1.978302528
IA-MG243	W-A	Cherokee Park Trail	41.97454	-91.72161	IA	T	y	144.56	91.552	6.06	17.116	16.018	1.042	132.634	6187.596	0.563	10990.40142	79.942	160.578	0.09975214537	0.3540546857		1.578993359	15.37236084	0.1027163866	1.089916613	15.10759076
IA-MG243	W-B	Cherokee Park Trail	41.97454	-91.72161	IA	T	y	126.994	82.404	6.422	13.981	15.554	1.144	82.26	5693.551	0.653	8719.067381	77.372	142.548	0.109114123	0.4593376726		1.541114509	13.59615385	0.1133492991	1.543812302	12.83151666
IA-MG244	E-A	Cherokee Park Trail	41.97367	-91.72547	IA	T	y	158.042	99.074	29.245	36.043	20.507	1.569	109.565	8680.413	0.702	12365.26068	64.63	178.549	0.1148536256	0.8113919485		1.595191473	13.07010835	0.1220488331	1.442449687	3.387724397
IA-MG244	E-B	Cherokee Park Trail	41.97367	-91.72547	IA	T	y	130.413	120.27	12.441	33.709	14.96	1.38	70.452	7964.283	0.713	11170.10238	97.201	145.373	0.1029076926	0.3690705746		1.084335246	10.84057971	0.1000255775	1.851090104	9.667229322
IA-MG244	N-A	Cherokee Park Trail	41.97367	-91.72547	IA	T	y	162.153	113.948	13.075	58.485	16.068	1.314	98.622	7333.733	0.735	9977.868027	96.16	178.221	0.09015772552	0.223561597		1.423043845	12.2283105	0.1163728909	1.644186895	8.714952199
IA-MG244	N-B	Cherokee Park Trail	41.97367	-91.72547	IA	T	y	150.403	118.753	12.151	86.863	16.744	1.156	102.7	7966.209	0.758	10509.51055	110.366	167.147	0.1001752948	0.1398869484		1.266519583	14.48442907	0.0874400763	1.464488802	9.773105094
IA-MG244	S-A	Cherokee Park Trail	41.97367	-91.72547	IA	T	y	200.655	140.508	11.706	77.612	21.783	1.696	116.943	12914.327	1.373	9405.919155	82.346	222.438	0.09792841151	0.1508271917		1.428068153	12.84375	0.111187788	1.71583592	12.00307535
IA-MG244	S-B	Cherokee Park Trail	41.97367	-91.72547	IA	T	y	195.198	111.191	46.799	74.651	22.802	1.389	163.025	10155.928	1.031	9850.560621	49.322	218	0.1045963303	0.6269038593		1.755519781	16.41612671	0.1069387324	1.1973501	2.375926836
IA-MG244	S-C	Cherokee Park Trail	41.97367	-91.72547	IA	F	y	186.683	112.219	22.037	75.693	19.636	1.089	127.694	8401.201	0.764	10996.33639	48.958	206.319	0.09517300879	0.2911365648		1.663559647	18.0312213	0.09225995393	1.461955926	5.092299315
IA-MG244	S-D	Cherokee Park Trail	41.97367	-91.72547	IA	F	y	178.339	105.122	26.38	59.532	22.079	1.272	131.479	8848.421	0.845	10471.50414	57.471	200.418	0.1101647557	0.4431230263		1.6964955	17.3577044	0.09773731947	1.356406727	3.984912813
IA-MG244	W-A	Cherokee Park Trail	41.97367	-91.72547	IA	T	y	188.934	129.39	25.444	80.811	26.954	1.272	116.285	10283.144	1.105	9306.01267	70.344	215.888	0.124851775	0.3148581258		1.460190123	21.19025157	0.06890857892	1.624749538	5.085285332
IA-MG244	W-B	Cherokee Park Trail	41.97367	-91.72547	IA	T	y	190.413	124.925	13.22	79.408	26.834	1.357	137.481	9773.592	0.963	10149.10903	63.609	217.247	0.1235183915	0.1664819666		1.524218531	19.77450258	0.07707999354	1.385013202	9.449697428
IA-MG245	E-A	Cherokee Park Trail	41.97362	-91.72565	IA	T	y	210.138	133.459	27.631	43.34	26.001	1.398	107.636	12311.907	1.258	9786.889507	74.275	236.139	0.1101088766	0.6375403784		1.574550986	18.59871245	0.08465913919	1.952302204	4.830045963
IA-MG245	E-B	Cherokee Park Trail	41.97362	-91.72565	IA	T	y	195.793	114.974	15.631	59.502	32.29	1.439	130.538	9455.051	0.932	10144.90451	78.111	228.083	0.1415712701	0.2626970522		1.702932837	22.43919388	0.07589099884	1.499892752	7.355511484
IA-MG245	N-A	Cherokee Park Trail	41.97362	-91.72565	IA	T	y	196.201	139.102	11.325	89.373	15.353	1.497	129.05	12513.93	1.032	12125.90116	68.813	211.554	0.0725724874	0.1267161223		1.410482955	10.25584502	0.1375296674	1.520348702	12.28273731
IA-MG245	N-B	Cherokee Park Trail	41.97362	-91.72565	IA	T	y	146.066	84.666	23.892	59.009	17.551	1.38	115.288	6875.825	0.617	11143.96272	72.89	163.617	0.1072688046	0.4048873901		1.725202561	12.71811594	0.1356492242	1.266966206	3.543696635
IA-MG245	S-A	Cherokee Park Trail	41.97362	-91.72565	IA	T	y	179.785	113.19	29.909	68.21	19.952	1.429	125.569	8445.855	0.968	8725.056818	78.081	199.737	0.09989135713	0.4384840932		1.588347027	13.96221134	0.1137604201	1.431762617	3.784479588
IA-MG245	S-B	Cherokee Park Trail	41.97362	-91.72565	IA	T	y	172.938	108.652	11.428	53.59	18.606	1.319	111.608	7489.154	0.714	10489.0112	81.999	191.544	0.09713695026	0.2132487404		1.591668814	14.10614102	0.1128351696	1.54951258	9.507525376
IA-MG245	W-A	Cherokee Park Trail	41.97362	-91.72565	IA	F	y									Missing	#VALUE!		0	#DIV/0!	#DIV/0!		#DIV/0!	#DIV/0!	#DIV/0!	#DIV/0!	#DIV/0!
IA-MG245	W-B	Cherokee Park Trail	41.97362	-91.72565	IA	F	y									Missing	#VALUE!		0	#DIV/0!	#DIV/0!		#DIV/0!	#DIV/0!	#DIV/0!	#DIV/0!	#DIV/0!
IL-SF001	E-A	Morton Arboretum 	41.816956	-88.080808	IL	T	y	131.284	106.16	8.114	45.393	25.935	1.694	96.693	7588.44	0.998	7603.647295	62.168	157.219	0.164960978	0.1787500275		1.236661643	15.30991736	0.08077520042	1.357740478	13.08355928
IL-SF001	E-B	Morton Arboretum 	41.816956	-88.080808	IL	T	y	123.576	125.757	22.502	71.659	26.064	2.063	80.299	7522.515	0.951	7910.11041	91.894	149.64	0.1741780273	0.3140149876		0.982657029	12.63402811	0.07777860079	1.538948181	5.588703226
IL-SF001	N-A	Morton Arboretum 	41.816956	-88.080808	IL	T	y	154.12	123.121	12.399	39.892	25.636	1.972	107.227	9801.612	1.266	7742.189573	113.4	179.756	0.1426155455	0.3108141983		1.251776707	13	0.09629051596	1.437324554	9.929913703
IL-SF001	N-B	Morton Arboretum 	41.816956	-88.080808	IL	T	y	133.709	113.306	13.567	62.393	24.079	1.685	102.154	7777.573	1.125	6913.398222	118.492	157.788	0.1526034933	0.2174442646		1.180069899	14.29020772	0.08257891857	1.308896372	8.351588413
IL-SF001	S-A	Morton Arboretum 	41.816956	-88.080808	IL	T	y	124.05	93.253	5.497	55.616	23.587	1.528	101.712	6506.778	0.795	8184.626415	91.113	147.637	0.1597634739	0.09883846375		1.33025211	15.43651832	0.08617565709	1.219620104	16.96434419
IL-SF001	S-B	Morton Arboretum 	41.816956	-88.080808	IL	T	y	128.34	98.488	5.922	15.315	25.458	1.549	103.437	5510.249	0.671	8211.995529	50.854	153.798	0.1655288105	0.3866797258		1.303102916	16.43511943	0.07928770591	1.240755242	16.63086795
IL-SF001	W-A	Morton Arboretum 	41.816956	-88.080808	IL	T	y	150.24	116.463	11.562	16.254	26.329	1.99	116.208	9964.774	1.183	8423.308538	120.817	176.569	0.1491145105	0.7113325951		1.290023441	13.23065327	0.09750262628	1.292854192	10.07291126
IL-SF001	W-B	Morton Arboretum 	41.816956	-88.080808	IL	T	y	126.793	109.352	21.223	81.588	22.653	1.761	95.328	7272.16	0.844	8616.303318	63.875	149.446	0.1515798349	0.2601240378		1.159494111	12.8637138	0.09013680877	1.330070913	5.152523206
IL-SF002	E-A	Morton Arboretum 	41.813309	-88.082666	IL	T	y	125.019	88.444	16.705	42.192	16.441	1.417	81.756	5991.989	0.709	8451.324401	53.279	141.46	0.1162236675	0.395928138		1.41353851	11.60268172	0.1218286034	1.529172171	5.294462736
IL-SF002	E-B	Morton Arboretum 	41.813309	-88.082666	IL	T	y	121.5	77.502	25.574	33.378	22.256	0.986	67.948	710.787	0.663	1072.076923	36.511	143.756	0.1548178859	0.766193301		1.567701479	22.57200811	0.06945334552	1.788132101	3.030499726
IL-SF002	N-A	Morton Arboretum 	41.813309	-88.082666	IL	T	y	107.735	68.736	15.022	30.047	23.576	0.957	88.45	3799.189	0.488	7785.223361	36.895	131.311	0.1795432218	0.4999500782		1.56737372	24.6353187	0.06362303401	1.218032787	4.575688989
IL-SF002	N-B	Morton Arboretum 	41.813309	-88.082666	IL	T	y	103.58	82.203	9.633	38.822	21.185	1.188	69.515	4282.254	0.441	9710.326531	67.769	124.765	0.1697992225	0.2481325022		1.260051336	17.83249158	0.07066041952	1.490038121	8.533478667
IL-SF002	S-A	Morton Arboretum 	41.813309	-88.082666	IL	T	y	137.803	98.15	18.363	34.456	21.513	1.528	97.085	7525.537	0.915	8224.630601	67.756	159.316	0.1350335183	0.5329405619		1.404004075	14.07918848	0.09972194614	1.419405675	5.344987203
IL-SF002	S-B	Morton Arboretum 	41.813309	-88.082666	IL	T	y	149.551	87.277	9.367	16.072	24.792	1.192	106.065	6018.799	0.786	7657.505089	52.314	174.343	0.14220244	0.5828148333		1.713521317	20.79865772	0.08238614916	1.409993872	9.317497598
IL-SF002	W-A	Morton Arboretum 	41.813309	-88.082666	IL	T	y	134.818	83.692	9.13	41.396	22.817	1.218	71.081	5583.284	0.689	8103.460087	52.293	157.635	0.1447457735	0.2205527104		1.610882761	18.73316913	0.08599093669	1.896681251	9.166703176
IL-SF002	W-B	Morton Arboretum 	41.813309	-88.082666	IL	T	y	99.453	67.478	11.274	23.117	20.399	1.095	67.749	3546.802	0.427	8306.327869	70.643	119.852	0.170201582	0.4876930398		1.473858146	18.62922374	0.07911538165	1.467962627	5.985275856
IL-SF003	E-A	Morton Arboretum 	41.81588	-88.079935	IL	T	y	163.834	90.561	15.555	23.139	17.713	1.61	127.095	8281.225	0.981	8441.615698	89.463	181.547	0.09756702121	0.6722416699		1.809101048	11.00186335	0.1644358769	1.289067233	5.8219865
IL-SF003	E-B	Morton Arboretum 	41.81588	-88.079935	IL	T	y	97.718	77.442	39.37	64.232	11.695	1.318	59.438	4735.517	0.507	9340.270217	85.707	109.413	0.1068885781	0.6129343629		1.26182175	8.873292868	0.1422044521	1.644032437	1.967030734
IL-SF003	N-A	Morton Arboretum 	41.81588	-88.079935	IL	T	y	154.517	101.236	50.276	83.556	15.425	1.496	99.586	9527.489	0.729	13069.25789	103.681	169.942	0.09076626143	0.6017042463		1.526304872	10.31082888	0.1480293088	1.551593597	2.013604901
IL-SF003	N-B	Morton Arboretum 	41.81588	-88.079935	IL	T	y	111.83	73.422	38.574	55.058	14.163	1.227	74.589	5159.572	0.348	14826.35632	130.348	125.993	0.112411007	0.700606633		1.523112963	11.54278729	0.1319536543	1.499282736	1.90340644
IL-SF003	S-A	Morton Arboretum 	41.81588	-88.079935	IL	T	y	132.577	100.004	40.286	83.268	14.731	1.602	90.989	8437.867	1.013	8329.582428	105.768	147.308	0.1000013577	0.4838113081		1.325716971	9.195380774	0.1441720581	1.457066239	2.482351189
IL-SF003	S-B	Morton Arboretum 	41.81588	-88.079935	IL	T	y	136.595	109.699	41.808	74.463	13.968	1.58	87.052	8044.883	0.928	8669.054957	117.995	150.563	0.09277179652	0.561460054		1.245179993	8.840506329	0.1408493978	1.569119607	2.623875813
IL-SF003	W-A	Morton Arboretum 	41.81588	-88.079935	IL	T	y	167.528	138.644	30.477	110.496	20.781	1.561	112.969	13167.15	1.471	8951.155676	108.495	188.309	0.1103558513	0.2758199392		1.208332131	13.31262012	0.0907659139	1.482955501	4.549135414
IL-SF003	W-B	Morton Arboretum 	41.81588	-88.079935	IL	T	y	151.759	122.011	32.904	64.381	22.986	1.56	99.54	10231.916	1.106	9251.280289	116.155	174.745	0.1315402444	0.5110824622		1.243814082	14.73461538	0.0844144248	1.524603175	3.708090202
MO-MG402	E-A	Buttin Rock Access	37.15687	-91.36471	MO	T	y	179.99	102.95	11.075	17.099	19.912	1.536	124.879	7721.3	1.02	7569.901961	65.243	199.902	0.09960880832	0.6476986958		1.748324429	12.96354167	0.1348647209	1.441315193	9.295711061
MO-MG402	E-B	Buttin Rock Access	37.15687	-91.36471	MO	T	y	165.023	68.58	11.317	38.92	9.77	1.904	118.014	6320.062	0.839	7532.851013	63.833	174.793	0.05589468686	0.2907759507		2.406284631	5.131302521	0.4689422659	1.398334096	6.05990987
MO-MG402	N-A	Buttin Rock Access	37.15687	-91.36471	MO	T	y	156.848	78.313	15.776	50.002	10.621	1.49	110.668	5687.994	0.566	10049.45936	38.216	167.469	0.06342069278	0.3155073797		2.002834778	7.128187919	0.2809739026	1.417284129	4.964059331
MO-MG402	N-B	Buttin Rock Access	37.15687	-91.36471	MO	T	y	130.255	58.635	11.402	32.545	6.635	1.306	96.01	3816.242	0.338	11290.6568	35.35	136.89	0.04846957411	0.3503456752		2.221454763	5.080398162	0.4372599728	1.356681596	5.142518856
MO-MG402	S-A	Buttin Rock Access	37.15687	-91.36471	MO	T	y	165.12	126.108	8.482	13.937	20.862	1.731	129.759	9240.02	1.27	7275.606299	54.346	185.982	0.1121721457	0.6085958241		1.309353887	12.05199307	0.1086421042	1.272512889	14.86771988
MO-MG402	S-B	Buttin Rock Access	37.15687	-91.36471	MO	T	y	153.892	111.836	9.29	65.657	19.036	1.505	92.953	7637.419	1.079	7078.238184	48.959	172.928	0.1100804959	0.1414929101		1.376050646	12.64850498	0.1087915645	1.655589384	12.03832078
MO-MG402	W-A	Buttin Rock Access	37.15687	-91.36471	MO	T	y	143.114	65.477	8.835	24.625	12.023	1.265	105.924	3883.615	0.429	9052.715618	38.525	155.137	0.0774992426	0.3587817259		2.185714068	9.504347826	0.2299699156	1.351100789	7.411092247
MO-MG402	W-B	Buttin Rock Access	37.15687	-91.36471	MO	T	y	125.865	54.866	13.219	30.336	8.067	1.517	92.468	3460.004	0.368	9402.184783	54.502	133.932	0.06023205806	0.4357529008		2.29404367	5.317732367	0.431395097	1.361173595	4.150540888
MO-MG403	E-A	Buttin Rock Access	37.15686	-91.36501	MO	T	y	155.622	130.363	31.391	72.982	16.769	1.607	102.724	9391.112	1.182	7945.103215	54.403	172.391	0.0972730595	0.4301197556		1.193758965	10.434972	0.1143998245	1.514952689	4.152878214
MO-MG403	E-B	Buttin Rock Access	37.15686	-91.36501	MO	T	y	164.245	117.381	28.439	58.701	14.854	1.786	114.284	8871.286	1.158	7660.868739	61.523	179.099	0.08293736983	0.4844721555		1.399246897	8.316909295	0.1682412116	1.437165307	4.127465804
MO-MG403	N-A	Buttin Rock Access	37.15686	-91.36501	MO	T	y	198.084	130.295	17.092	56.581	18.386	1.589	127.571	13826.064	1.399	9882.819157	62.102	216.47	0.08493555689	0.3020802036		1.520273226	11.57079924	0.1313887826	1.55273534	7.623157033
MO-MG403	N-B	Buttin Rock Access	37.15686	-91.36501	MO	T	y	173.219	137.438	12.087	70.872	14.773	1.473	102.592	11032.292	1.043	10577.46117	61.913	187.992	0.0785831312	0.1705469015		1.260342846	10.02919212	0.1256674346	1.688425998	11.37072888
MO-MG403	S-A	Buttin Rock Access	37.15686	-91.36501	MO	T	y	206.536	124.679	22.432	53.772	15.703	1.558	126.542	12250.918	1.2	10209.09833	62.143	222.239	0.07065816531	0.4171687867		1.656542	10.07894737	0.1643566475	1.632153751	5.558086662
MO-MG403	S-B	Buttin Rock Access	37.15686	-91.36501	MO	T	y	190.337	130.05	10.864	59.274	10.332	1.573	108.754	11412.439	1.176	9704.454932	57.661	200.669	0.0514877734	0.183284408		1.463567859	6.56834075	0.2228215487	1.750160914	11.97072901
MO-MG403	W-A	Buttin Rock Access	37.15686	-91.36501	MO	T	y	149.206	92.58	12.726	63.013	11.642	1.407	83.043	6748.737	0.746	9046.564343	68.058	160.848	0.07237889187	0.2019583261		1.611643984	8.274342573	0.1947760767	1.796731814	7.274870344
MO-MG403	W-B	Buttin Rock Access	37.15686	-91.36501	MO	T	y	119.982	77.871	23.435	50.407	7.396	1.6	75.319	4640.834	0.481	9648.303534	87.325	127.378	0.05806340184	0.4649155871		1.540778981	4.6225	0.333321575	1.592984506	3.322850437
MO-MG404	E-A	Buttin Rock Access	37.15726	-91.36518	MO	T	y	164.574	104.161	41.63	49.001	20.32	1.699	88.865	10805.954	1.699	6360.184815	153.435	184.894	0.109900808	0.8495744985		1.579996352	11.95997646	0.1321069784	1.851955213	2.502065818
MO-MG404	E-B	Buttin Rock Access	37.15726	-91.36518	MO	T	y	134.799	78.5	41.956	70.835	17.832	1.865	115.397	7197.415	1.865	3859.203753	77.52	96.332	0.1851098285	0.5923060634		1.717184713	9.561394102	0.1795956421	0.6802603187	1.871007722
MO-MG404	N-A	Buttin Rock Access	37.15726	-91.36518	MO	T	y	160.655	100.928	30.244	80.497	16.65	1.521	109.116	9865.774	1.521	6486.373439	130.135	177.305	0.09390598122	0.3757158652		1.591778297	10.94674556	0.1454110985	1.472332197	3.337124719
MO-MG404	N-B	Buttin Rock Access	37.15726	-91.36518	MO	T	y	161.087	94.44	32.743	66.499	21.186	1.464	115.746	10019.761	1.464	6844.099044	100.68	182.273	0.116232245	0.4923833441		1.705707327	14.47131148	0.1178681925	1.39172844	2.88428061
MO-MG404	S-A	Buttin Rock Access	37.15726	-91.36518	MO	T	y	157.47	109.758	27.773	60.853	15.388	1.93	111.066	9580.408	1.93	4963.941969	84.997	172.858	0.08902104618	0.4563949189		1.434701799	7.973056995	0.179943753	1.417805629	3.951967738
MO-MG404	S-B	Buttin Rock Access	37.15726	-91.36518	MO	T	y	147.512	84.785	17.306	50.998	16.43	1.711	75.356	7037.675	1.711	4113.194039	73.518	163.942	0.1002183699	0.339346641		1.739836056	9.602571596	0.1811843878	1.957534901	4.899167919
MO-MG404	W-A	Buttin Rock Access	37.15726	-91.36518	MO	T	y	186.406	85.217	37.057	49.33	20.965	1.777	144.483	10873.084	1.777	6118.786719	84.772	207.371	0.1010989965	0.7512061626		2.187427391	11.79797411	0.1854070343	1.290158704	2.299619505
MO-MG404	W-B	Buttin Rock Access	37.15726	-91.36518	MO	T	y	162.302	88.18	41.011	58.242	13.753	1.982	80.761	8548.416	1.982	4313.025227	138.082	176.055	0.07811763369	0.7041482092		1.840576094	6.938950555	0.2652528044	2.009658127	2.150154837
OK-MG369	E-A	Red Rock Canyon State Park	35.43874	-98.35495	OK	T	y	152.687	104.42	17.556	22.148	20.192	1.692	67.012	8756.236	1.041	8411.369837	98.885	172.879	0.1167984544	0.7926675095		1.462239035	11.93380615	0.1225291426	2.278502358	5.947824106
OK-MG369	E-B	Red Rock Canyon State Park	35.43874	-98.35495	OK	T	y	146.763	102.187	11.957	16.963	16.155	1.734	79.591	7708.152	0.908	8489.154185	102.815	162.918	0.09916031378	0.7048871072		1.436219871	9.316608997	0.1541569333	1.84396477	8.546207243
OK-MG369	N-A	Red Rock Canyon State Park	35.43874	-98.35495	OK	T	y	162.346	110.723	16.25	22.836	14.909	1.606	96.066	11214.726	1.13	9924.536283	94.628	177.255	0.08411046233	0.711595726		1.466235561	9.283312578	0.1579431424	1.689942331	6.813723077
OK-MG369	N-B	Red Rock Canyon State Park	35.43874	-98.35495	OK	T	y	181.576	89.517	12.532	16.81	19.045	1.201	121.727	6430.654	0.769	8362.358908	36.624	200.621	0.0949302416	0.7455086258		2.028396841	15.85761865	0.1279130799	1.491665777	7.143073731
OK-MG369	S-A	Red Rock Canyon State Park	35.43874	-98.35495	OK	T	y	126.831	82.79	8.271	9.787	13.264	1.447	62.101	6281.629	0.694	9051.338617	114.882	140.095	0.09467861094	0.8451006437		1.531960382	9.166551486	0.1671250507	2.042334262	10.00967235
OK-MG369	S-B	Red Rock Canyon State Park	35.43874	-98.35495	OK	T	y	118.688	65.705	12.002	17.376	12.616	1.11	77.186	3941.537	0.444	8877.335586	67.947	131.304	0.09608237373	0.6907228361		1.806376988	11.36576577	0.1589313932	1.537688182	5.474504249
OK-MG369	W-A	Red Rock Canyon State Park	35.43874	-98.35495	OK	T	y	155.111	100.547	11.647	20.932	14.14	1.56	92.216	8226.954	0.947	8687.385428	91.063	169.251	0.08354455808	0.5564207911		1.542671586	9.064102564	0.1701957337	1.682039993	8.632866833
OK-MG369	W-B	Red Rock Canyon State Park	35.43874	-98.35495	OK	T	y	163.632	96.367	14.389	26.307	11.678	1.393	81.278	6765.566	0.829	8161.117008	60.983	175.31	0.06661342764	0.5469646862		1.698008654	8.383345298	0.2025454749	2.013238515	6.697268747
OK-MG370	E-A	Red Rock Canyon State Park	35.43851	-98.35503	OK	T	y	257.936	162.012	4.615	58.545	43.247	1.633	198.221	15267.597	1.799	8486.713174	74.765	301.183	0.1435904417	0.07882825177		1.592079599	26.48315983	0.06011667827	1.30125466	35.10552546
OK-MG370	E-B	Red Rock Canyon State Park	35.43851	-98.35503	OK	T	y	158.262	142.622	4.032	36.68	35.654	1.661	146.909	9863.67	1.308	7541.03211	65.024	193.916	0.183863116	0.1099236641		1.109660501	21.4653823	0.05169535234	1.077279132	35.37251984
OK-MG370	N-A	Red Rock Canyon State Park	35.43851	-98.35503	OK	T	y	202.514	91.063	17.237	36.289	30.319	1.959	158.451	9663.102	1.461	6614.032854	82.895	232.833	0.1302177956	0.4749924219		2.223888956	15.47677386	0.1436920236	1.27808597	5.282995881
OK-MG370	N-B	Red Rock Canyon State Park	35.43851	-98.35503	OK	T	y	193.882	76.65	14.504	23.082	36.811	2.114	160.076	7718.196	1.106	6978.477396	63.705	230.693	0.1595670436	0.6283684256		2.529445532	17.41296121	0.1452622274	1.211187186	5.284749035
OK-MG370	S-A	Red Rock Canyon State Park	35.43851	-98.35503	OK	T	y	246.646	164.587	4.516	60.921	45.387	1.482	195.144	15358.628	2.268	6771.881834	72.433	292.033	0.1554173672	0.07412878974		1.498575222	30.62550607	0.04893225986	1.263917927	36.44530558
OK-MG370	S-B	Red Rock Canyon State Park	35.43851	-98.35503	OK	T	y	215.651	111.353	4.283	49.895	40.895	2.127	122.712	14045.615	1.943	7228.82913	84.719	256.546	0.1594061104	0.08584026456		1.936642928	19.22661025	0.1007272163	1.757374992	25.99883259
OK-MG370	W-A	Red Rock Canyon State Park	35.43851	-98.35503	OK	T	y	248.926	150.897	23.06	47.837	24.215	1.954	176.238	15025.672	1.856	8095.728448	63.612	273.141	0.08865384545	0.4820536405		1.649641809	12.39252815	0.1331158412	1.412442266	6.54366869
OK-MG370	W-B	Red Rock Canyon State Park	35.43851	-98.35503	OK	T	y	219.231	132.907	36.943	53.197	22.479	1.625	164.275	11810.06	1.518	7780.013175	60.8	241.71	0.09299987588	0.6944564543		1.649506798	13.83323077	0.1192423394	1.3345366	3.597623366
OK-MG371	E-A	Red Rock Canyon State Park	35.43854	-98.35497	OK	T	y	191.122	150.265	6.146	33.43	27.299	1.615	144.295	16355.873	2.202	7427.735241	88.631	218.421	0.1249834036	0.1838468442		1.271899644	16.90340557	0.07524517107	1.324522679	24.44923527
OK-MG371	E-B	Red Rock Canyon State Park	35.43854	-98.35497	OK	T	y	152.57	116.334	24.01	24.486	32.052	1.429	77.82	9425.637	1.304	7228.249233	83.838	184.622	0.173608779	0.9805603202		1.311482456	22.4296711	0.05847087324	1.960549987	4.845231154
OK-MG371	N-A	Red Rock Canyon State Park	35.43854	-98.35497	OK	T	y	228.118	156.238	12.457	24.833	36.562	1.904	164.484	14906.852	1.651	9028.983646	87.018	264.68	0.1381366178	0.5016308944		1.460067333	19.20273109	0.07603435814	1.386870455	12.54218512
OK-MG371	N-B	Red Rock Canyon State Park	35.43854	-98.35497	OK	T	y	232.978	129.94	5.616	19.831	30.707	1.645	178.228	12991.784	1.909	6805.544264	71.702	263.685	0.116453344	0.2831929807		1.792965984	18.6668693	0.09605070649	1.307190789	23.13746439
OK-MG371	S-A	Red Rock Canyon State Park	35.43854	-98.35497	OK	T	y	202.625	149.985	9.844	34.189	29.725	2.07	166.61185	17841.356	1.9994	8923.355007	85.54	232.35	0.1279319991	0.287928866		1.35096843	14.35990338	0.09407921448	1.216149992	15.23618448
OK-MG371	S-B	Red Rock Canyon State Park	35.43854	-98.35497	OK	T	y	171.137	101.084	11.752	30.57	32.153	1.607	123.528	8756.059	1.066	8213.939024	77.958	203.29	0.1581632151	0.3844291789		1.693017688	20.00808961	0.08461665863	1.385410595	8.601429544
OK-MG371	W-A	Red Rock Canyon State Park	35.43854	-98.35497	OK	T	y	189.091	146.471	11.087	41.173	28.616	1.61	131.32	12758.433	1.523	8377.172029	82.655	217.707	0.1314427189	0.2692784106		1.290979102	17.77391304	0.07263336433	1.439925373	13.211058
OK-MG371	W-B	Red Rock Canyon State Park	35.43854	-98.35497	OK	T	y	150.414	104.103	8.062	23.816	21.317	1.603	119.237	10031.093	1.117	8980.387645	99.217	171.731	0.1241301803	0.3385119248		1.444857497	13.29819089	0.108650681	1.261470852	12.91280079
OK-MG347	E-A	Mohawk Park	36.21066	-95.89467	OK	T	y	183.913	110.496	18.103	27.245	14.732	1.474	138.723	12249.057	1.113	11005.44205	126.353	198.645	0.0741624506	0.6644521931		1.664431292	9.994572592	0.1665335137	1.325757084	6.103739712
OK-MG347	E-B	Mohawk Park	36.21066	-95.89467	OK	T	y	150.928	122.547	23.065	26.271	18.609	1.313	121.227	9613.557	0.963	9982.925234	101.017	169.537	0.1097636504	0.8779642952		1.231592777	14.17288652	0.08689780836	1.245003176	5.313115109
OK-MG347	N-A	Mohawk Park	36.21066	-95.89467	OK	T	y	228.768	192.55	18.966	28.304	22.011	1.986	133.722	19970.105	1.88	10622.39628	108.761	250.779	0.0877705071	0.6700819672		1.188096598	11.08308157	0.1071991206	1.710773096	10.15237794
OK-MG347	N-B	Mohawk Park	36.21066	-95.89467	OK	T	y	210.869	182.281	14.542	26.803	17.954	1.724	150.957	18892.194	1.495	12636.91906	115.113	228.823	0.07846239233	0.542551207		1.156834777	10.41415313	0.1110829428	1.396881231	12.53479576
OK-MG347	S-A	Mohawk Park	36.21066	-95.89467	OK	T	y	143	122.176	16.537	19.915	18.103	1.698	78.544	10258.459	1.209	8485.07775	146.527	161.103	0.1123691055	0.8303791112		1.17044264	10.66136631	0.1097835498	1.820635567	7.388038943
OK-MG347	S-B	Mohawk Park	36.21066	-95.89467	OK	T	y	120.257	98.823	23.37	25.493	15.34	1.524	79.197	5847.2	0.674	8675.37092	98.316	135.597	0.1131293465	0.9167222375		1.216892829	10.0656168	0.120896002	1.518453982	4.228626444
OK-MG347	W-A	Mohawk Park	36.21066	-95.89467	OK	T	y	190.559	120.5	24.825	31.828	15.954	1.972	110.986	12261.458	1.023	11985.78495	158.189	206.513	0.07725421644	0.7799736081		1.58140249	8.090263692	0.1954698326	1.716964302	4.853977845
OK-MG347	W-B	Mohawk Park	36.21066	-95.89467	OK	T	y	186.635	116.502	7.58	105.193	21.719	1.586	161.029	9195.704	1.036	8876.162162	68.462	208.354	0.1042408593	0.07205802667		1.601989665	13.69419924	0.1169830844	1.159014836	15.36965699
OK-MG349	E-A	Mohawk Park	36.2204	-95.89845	OK	T	y	150.766	128.314	8.52	15.87	21.745	1.496	105.293	7320.059	1.104	6630.488225	76.87	172.511	0.126049933	0.5368620038		1.17497701	14.53542781	0.08083539233	1.431871065	15.06032864
OK-MG349	E-B	Mohawk Park	36.2204	-95.89845	OK	T	y	136.22	122.997	6.166	15.321	20.865	1.639	93.929	7475.56	1.113	6716.585804	103.291	157.085	0.1328261769	0.4024541479		1.107506687	12.73032337	0.08699752985	1.450244333	19.94761596
OK-MG349	N-A	Mohawk Park	36.2204	-95.89845	OK	T	y	143.773	97.522	9.483	17.909	19.452	1.433	103.065	6705.561	0.951	7051.063091	91.177	163.225	0.1191729208	0.5295103021		1.474262218	13.57431961	0.1086067118	1.394974046	10.28387641
OK-MG349	N-B	Mohawk Park	36.2204	-95.89845	OK	T	y	141.45	111.542	11.742	16.876	17.455	1.528	95.717	6138.917	0.907	6768.375965	90.595	158.905	0.1098455052	0.6957809908		1.268132183	11.42342932	0.111011514	1.477793913	9.499403849
OK-MG349	S-A	Mohawk Park	36.2204	-95.89845	OK	T	y	149.024	102.859	6.02	14.723	22.243	1.534	107.533	5646.92	0.977	5779.856704	77.697	171.267	0.1298732389	0.408884059		1.448818285	14.5	0.09991850243	1.385844345	17.08621262
OK-MG349	S-B	Mohawk Park	36.2204	-95.89845	OK	T	y	137.971	94.606	7.404	15.467	21.736	1.295	99.484	4887.95	0.811	6027.065351	82.864	159.707	0.1360992317	0.4786965798		1.458374733	16.78455598	0.08688789471	1.38686623	12.77768774
OK-MG349	W-A	Mohawk Park	36.2204	-95.89845	OK	T	y	178.432	121.924	10.83	19.254	15.517	1.815	108.097	10981.972	1.421	7728.340605	104.367	193.949	0.08000556847	0.5624805235		1.463469046	8.549311295	0.1711797589	1.650665606	11.25798707
OK-MG349	W-B	Mohawk Park	36.2204	-95.89845	OK	T	y	153.537	87.878	14.95	10.713	15.447	1.552	110.727	6566.178	0.912	7199.756579	84.403	168.984	0.09141102116	1.395500793		1.747160837	9.952963918	0.1755417633	1.386626568	5.87812709
OK-MG350	E-A	Mohawk Park	36.22064	-95.89877	OK	T	y	206.766	127.714	58.326	81	13.07	2.411	96.642	16953.899	1.985	8541.007053	99.454	219.836	0.05945341072	0.7200740741		1.618976776	5.420987142	0.2986498093	2.139504563	2.189658128
OK-MG350	E-B	Mohawk Park	36.22064	-95.89877	OK	T	y	193.911	134.713	63.673	92.06	8.773	2.191	109.243	15922.316	1.897	8393.419083	98.122	202.684	0.04328412702	0.6916467521		1.439437916	4.004107713	0.3594903083	1.775042795	2.115700532
OK-MG350	N-A	Mohawk Park	36.22064	-95.89877	OK	T	y	166.481	106.99	70.651	92.527	8.735	1.703	125.457	11542.075	1.135	10169.22907	84.517	175.216	0.04985275317	0.7635717142		1.556042621	5.129183793	0.3033704159	1.326996501	1.514345161
OK-MG350	N-B	Mohawk Park	36.22064	-95.89877	OK	T	y	159.208	102.128	69.28	71.988	9.914	1.629	95.967	10524.614	1.108	9498.749097	95.139	169.122	0.05862040421	0.9623826193		1.55890647	6.085942296	0.2561487432	1.658986943	1.474133949
OK-MG350	S-A	Mohawk Park	36.22064	-95.89877	OK	T	y	173.66	102.387	52.413	78.044	10.228	1.906	100.791	10599.293	1.306	8115.844564	74.602	183.888	0.05562081267	0.6715826969		1.696113764	5.366211962	0.3160728231	1.722971297	1.953465743
OK-MG350	S-B	Mohawk Park	36.22064	-95.89877	OK	T	y	151.831	91.736	71.775	55.763	9.507	2.22	96.108	9634.932	1.261	7640.707375	101.798	161.338	0.05892598148	1.287143805		1.655086335	4.282432432	0.3864827667	1.579795647	1.27810519
OK-MG350	W-A	Mohawk Park	36.22064	-95.89877	OK	T	y	184.508	144.531	50.995	53.571	15.551	2.11	116.094	15568.395	1.816	8572.904736	99.557	200.059	0.07773206904	0.951914282		1.2765981	7.37014218	0.1732121401	1.589298327	2.834219041
OK-MG350	W-B	Mohawk Park	36.22064	-95.89877	OK	T	y	187.801	127.411	40.388	34.876	13.977	1.965	105.731	13825.422	1.545	8948.493204	112.645	201.778	0.06926919684	1.158045647		1.473977914	7.112977099	0.2072237677	1.776215112	3.154674656
OK-MG282	E-A	Tallgrass Prairie Preserve	36.84504	-96.42526	OK	T	y	164.881	109.341	46.321	73.61	16.463	1.789	111.93	10966.692	1.306	8397.160796	112.192	181.344	0.09078326275	0.6292759136		1.507952186	9.20234768	0.1638660306	1.473072456	2.360506034
OK-MG282	E-B	Tallgrass Prairie Preserve	36.84504	-96.42526	OK	T	y	122.696	100.375	39.705	75.042	15.17	1.218	95.752	7754.346	0.77	10070.57922	73.601	137.866	0.1100343812	0.5291037019		1.22237609	12.45484401	0.09814463264	1.2813936	2.528019141
OK-MG282	N-A	Tallgrass Prairie Preserve	36.84504	-96.42526	OK	T	y	177.288	126.062	66.663	105.362	16.838	1.943	100.111	12088.756	1.284	9414.919003	77.112	194.126	0.08673747978	0.6327043906		1.406355603	8.665980443	0.16228465	1.770914285	1.891034007
OK-MG282	N-B	Tallgrass Prairie Preserve	36.84504	-96.42526	OK	T	y	137.47	107.702	45.656	74.685	10.698	1.375	87.423	9024.119	0.854	10566.88407	105.077	148.168	0.07220182496	0.6113141862		1.276392268	7.780363636	0.1640530349	1.572469487	2.358988961
OK-MG282	S-A	Tallgrass Prairie Preserve	36.84504	-96.42526	OK	T	y	158.909	109.443	14.916	99.827	15.864	1.943	106.682	10142.564	1.252	8101.089457	107.409	174.773	0.09076916915	0.149418494		1.451979569	8.164693773	0.1778363782	1.489557751	7.337288817
OK-MG282	S-B	Tallgrass Prairie Preserve	36.84504	-96.42526	OK	T	y	156.463	122.663	35.914	83.316	17.394	2.035	110.188	10060.95	1.353	7436.031042	86.73	173.857	0.1000477404	0.43105766		1.275551715	8.547420147	0.149232364	1.419964061	3.415464721
OK-MG282	W-A	Tallgrass Prairie Preserve	36.84504	-96.42526	OK	T	y	139.535	98.521	32.946	53.475	15.467	1.187	94.89	7149.989	0.672	10639.86458	81.335	155.002	0.09978580922	0.6161009818		1.416297033	13.03032856	0.1086923501	1.470492149	2.990378195
OK-MG282	W-B	Tallgrass Prairie Preserve	36.84504	-96.42526	OK	T	y	130	97.187	27.026	40.566	13.205	1.355	88.142	7432.767	0.65	11435.02615	103.221	143.205	0.09221046751	0.6662229453		1.33762746	9.745387454	0.137257494	1.474892787	3.59605565
OK-MG283	E-A	Tallgrass Prairie Preserve	36.84485	-96.42479	OK	F	y	207.809	162.37	18.394	33.883	19.685	1.704	139.82	17322.062	1.584	10935.6452	123.678	227.494	0.08652975463	0.5428681049		1.279848494	11.55223005	0.1107880027	1.486260907	8.827335001
OK-MG283	E-B	Tallgrass Prairie Preserve	36.84485	-96.42479	OK	F	y	194.415	138.773	13.294	21.442	16.058	2.034	138.508	18224.304	1.836	9926.091503	147.113	210.473	0.07629482166	0.6199981345		1.400956958	7.894788594	0.1774533848	1.403637335	10.43876937
OK-MG283	N-A	Tallgrass Prairie Preserve	36.84485	-96.42479	OK	F	y	221.381	181.896	14.126	31.021	15.181	1.693	144.816	19723.15	1.705	11567.82991	155.669	236.562	0.06417345136	0.4553689436		1.217074592	8.966922623	0.1357293515	1.528705392	12.8766813
OK-MG283	N-B	Tallgrass Prairie Preserve	36.84485	-96.42479	OK	F	y	197.606	145.091	16.841	53.938	23.712	1.847	129.426	14683.986	1.438	10211.39499	88.277	221.318	0.1071399525	0.3122288554		1.361945262	12.83811586	0.1060860703	1.526787508	8.615343507
OK-MG283	S-A	Tallgrass Prairie Preserve	36.84485	-96.42479	OK	T	y	161.138	126.387	25.816	49.122	9.37	1.889	115.098	11939.212	1.162	10274.70912	100.191	170.508	0.05495343327	0.525548634		1.274957076	4.960296453	0.2570324351	1.400006951	4.895684847
OK-MG283	S-B	Tallgrass Prairie Preserve	36.84485	-96.42479	OK	F	y	156.397	123.815	43.997	47.283	19.367	1.639	115.072	9771.31	1.063	9192.201317	69.284	175.764	0.1101875242	0.9305035636		1.263150668	11.81635143	0.1068985359	1.359122984	2.814169148
OK-MG283	W-A	Tallgrass Prairie Preserve	36.84485	-96.42479	OK	T	y	192.98	128.287	14.365	27.968	16.844	1.638	95.729	12467.777	1.248	9990.205929	124.346	209.824	0.08027680342	0.5136227117		1.504283365	10.28327228	0.146284502	2.015899048	8.930525583
OK-MG283	W-B	Tallgrass Prairie Preserve	36.84485	-96.42479	OK	F	y	172.785	126.724	21.082	72.401	13.909	1.645	114.922	12228.024	1.237	9885.225546	111.45	186.694	0.07450159084	0.2911838234		1.363474953	8.455319149	0.1612564741	1.503498025	6.011004649
OK-MG284	E-A	Tallgrass Prairie Preserve	36.84501	-96.42553	OK	T	y	180.439	108.25	29.437	47.57	17.415	1.274	129.542	12125.756	1.033	11738.38916	93.022	197.854	0.08801944868	0.6188143788		1.666872979	13.66954474	0.121940636	1.3928996	3.677344838
OK-MG284	E-B	Tallgrass Prairie Preserve	36.84501	-96.42553	OK	T	y	178.327	99.901	19.549	43.936	16.689	1.243	131.696	9826.518	0.751	13084.5779	81.761	195.016	0.08557759363	0.4449426438		1.785037187	13.42638777	0.1329499205	1.35408061	5.110286971
OK-MG284	N-A	Tallgrass Prairie Preserve	36.84501	-96.42553	OK	F	y	202.928	106.655	27.583	73.644	24.623	1.275	131.617	12752.409	1.273	10017.6033	94.901	227.551	0.1082087093	0.3745451089		1.902658103	19.31215686	0.09852126392	1.541806909	3.866693253
OK-MG284	N-B	Tallgrass Prairie Preserve	36.84501	-96.42553	OK	F	y	194.691	141.805	23.791	105.42	19.654	1.507	131.669	13309.724	1.223	10882.84873	88.714	214.345	0.09169329819	0.2256782394		1.372948768	13.04180491	0.105272911	1.478639619	5.960447228
OK-MG284	S-A	Tallgrass Prairie Preserve	36.84501	-96.42553	OK	F	y	215.012	140.561	22.523	106.65	26.111	1.809	142.225	15018.601	1.875	8009.920533	107.152	241.123	0.1082891304	0.2111861228		1.529670392	14.4339414	0.1059773176	1.511773598	6.240776096
OK-MG284	S-B	Tallgrass Prairie Preserve	36.84501	-96.42553	OK	F	y	167.538	116.092	31.211	75.704	23.619	1.495	126.561	8326.527	1.075	7745.606512	68.87	191.157	0.1235581224	0.4122767621		1.443148537	15.79866221	0.09134624935	1.323772726	3.719586043
OK-MG284	W-A	Tallgrass Prairie Preserve	36.84501	-96.42553	OK	T	y	207.749	130.37	19.574	76.905	16.332	1.21	137.537	13732.703	1.148	11962.28484	68.255	224.081	0.07288435878	0.2545218126		1.593533788	13.49752066	0.1180612224	1.510495358	6.660365791
OK-MG284	W-B	Tallgrass Prairie Preserve	36.84501	-96.42553	OK	F	y	155.929	85.687	26.634	45.184	7.684	1.35	91.481	6708.173	0.693	9679.903319	103.114	163.613	0.04696448326	0.5894564448		1.819750954	5.691851852	0.3197115809	1.704496016	3.217203574
MB-MG530	E-A	Assiniboine Forest 	49.85392	-97.24828	MB	T	y	127.806	85.5	14.623	43.139	17.195	0.948	81.91	5291.232	0.436	12135.85321	87.187	145.001	0.1185853891	0.3389740142		1.494807018	18.13818565	0.08241215776	1.560322305	5.84695343
MB-MG530	E-B	Assiniboine Forest 	49.85392	-97.24828	MB	T	y	120.304	76.438	12.472	52.133	13.485	0.963	78.144	4450.253	0.466	9549.899142	80.522	133.789	0.1007930398	0.2392342662		1.573876868	14.00311526	0.1123947663	1.53951679	6.128768441
MB-MG530	N-A	Assiniboine Forest 	49.85392	-97.24828	MB	T	y	137.128	81.758	14.221	55.058	14.428	0.905	81.703	5694.308	0.431	13211.85151	71.589	151.556	0.09519913431	0.2582912565		1.677242594	15.94254144	0.1052054718	1.678371663	5.749103439
MB-MG530	N-B	Assiniboine Forest 	49.85392	-97.24828	MB	T	y	126.463	75.909	14.871	39.421	16	0.901	77.513	4961.661	0.422	11757.49052	75.919	142.463	0.1123098629	0.3772354836		1.665981636	17.75804661	0.09381559087	1.631506973	5.104498689
MB-MG530	S-A	Assiniboine Forest 	49.85392	-97.24828	MB	T	y	139.396	92.812	12.69	56.333	16.434	0.952	96.562	6951.432	0.512	13577.01563	82.684	155.83	0.1054610794	0.2252676051		1.501917855	17.26260504	0.0870041255	1.443590646	7.313790386
MB-MG530	S-B	Assiniboine Forest 	49.85392	-97.24828	MB	T	y	125.972	89.388	15.927	54.678	19.695	0.984	70.588	5818.094	0.448	12986.81696	91.155	145.667	0.1352056403	0.2912871722		1.409271938	20.0152439	0.0704099308	1.784609282	5.612356376
MB-MG530	W-A	Assiniboine Forest 	49.85392	-97.24828	MB	T	y	127.508	87.769	24.924	58.501	13.3	1.103	85.98	6258.173	0.512	12222.99414	106.213	140.808	0.09445486052	0.4260439992		1.452768062	12.05802357	0.1204814415	1.482996046	3.521465254
MB-MG530	W-B	Assiniboine Forest 	49.85392	-97.24828	MB	T	y	129.902	77.263	12.838	59.294	20.088	0.755	79.697	5099.275	0.372	13707.72849	65.894	149.99	0.1339289286	0.2165143185		1.681296351	26.60662252	0.06319089732	1.62994843	6.018305032
MB-MG529	E-A	Assiniboine Forest 	49.85423	-97.2482	MB	T	y	148.973	87.033	29.412	69.553	12.658	1.07	102.463	7652.009	0.468	16350.44658	84.678	161.631	0.07831418478	0.4228717669		1.711684074	11.82990654	0.1446912592	1.453919952	2.959098327
MB-MG529	E-B	Assiniboine Forest 	49.85423	-97.2482	MB	T	y	112.768	69.776	27.566	54.623	12.527	0.717	75.086	4340.242	0.233	18627.64807	70.019	125.295	0.09998004709	0.5046592095		1.616143086	17.47140865	0.09250216277	1.501851211	2.531234129
MB-MG529	N-A	Assiniboine Forest 	49.85423	-97.2482	MB	T	y	157.612	90.428	29.993	73.092	13.604	0.808	107.121	7429.36	0.482	15413.60996	62.648	171.216	0.0794551911	0.4103458655		1.742955722	16.83663366	0.1035216277	1.471345488	3.01497016
MB-MG529	N-B	Assiniboine Forest 	49.85423	-97.2482	MB	T	y	124.132	61.46	26.117	47.359	10.85	0.793	78.036	3989.537	0.294	13569.85374	53.206	134.982	0.08038108785	0.5514685699		2.019720143	13.68221942	0.1476164123	1.590701727	2.3532565
MB-MG529	S-A	Assiniboine Forest 	49.85423	-97.2482	MB	T	y	170.876	109.216	38.053	89.242	14.349	1.217	102.953	10567.39	0.681	15517.45962	73.885	185.225	0.07746794439	0.4264023666		1.564569294	11.79046836	0.1326978069	1.659747652	2.870102226
MB-MG529	S-B	Assiniboine Forest 	49.85423	-97.2482	MB	T	y	159.126	107.868	30.375	87.244	16.386	0.934	109.228	10005.116	0.618	16189.50809	81.16	175.512	0.0933611377	0.3481614782		1.475191901	17.54389722	0.08408575831	1.456824258	3.551209877
MB-MG529	W-A	Assiniboine Forest 	49.85423	-97.2482	MB	T	y	151.4	96.001	34.626	77.093	18.575	1.011	105.57	7903.435	0.557	14189.29084	74.32	169.975	0.1092807766	0.4491458368		1.577066906	18.37289812	0.08583658905	1.434119542	2.772511985
MB-MG529	W-B	Assiniboine Forest 	49.85423	-97.2482	MB	T	y	141.878	85.955	28.053	65.194	12.7	1.32	106.792	7505.108	0.529	14187.34972	112.559	154.578	0.08215916883	0.4303003344		1.650607876	9.621212121	0.1715592438	1.328545209	3.064021673
MB-MG528	E-A	Assiniboine Forest 	49.85778	-97.24848	MB	T	y	156.541	117.332	36.706	95.736	30.242	1.135	109.923	10742.235	0.685	15682.09489	78.096	186.783	0.1619098098	0.3834085402		1.334171411	26.64493392	0.05007223568	1.424096868	3.196534626
MB-MG528	E-B	Assiniboine Forest 	49.85778	-97.24848	MB	T	y	141.567	94.045	34.547	78.073	20.921	0.953	100.788	7589.874	0.463	16392.81641	62.704	162.488	0.1287541234	0.4424961254		1.505311287	21.95278069	0.06857041521	1.404601738	2.722233479
MB-MG528	N-A	Assiniboine Forest 	49.85778	-97.24848	MB	T	y	133.302	78.059	28.345	56.769	16.475	0.782	92.69	6357.763	0.362	17562.88122	63.556	149.777	0.109996862	0.4993041977		1.707708272	21.06777494	0.08105783725	1.438148668	2.753889575
MB-MG528	N-B	Assiniboine Forest 	49.85778	-97.24848	MB	T	y	132.814	86.811	50.525	72.77	19.047	0.836	94.063	6838.41	0.404	16926.75743	70.109	151.861	0.1254239074	0.6943108424		1.529921323	22.78349282	0.06715042927	1.411968574	1.718179119
MB-MG528	S-A	Assiniboine Forest 	49.85778	-97.24848	MB	T	y	128.073	97.179	45.8	80.287	18.254	0.824	80.064	6803.776	0.345	19721.08986	66.2	146.327	0.1247479959	0.5704534981		1.31790819	22.15291262	0.05949141824	1.599632794	2.121812227
MB-MG528	S-B	Assiniboine Forest 	49.85778	-97.24848	MB	T	y	131.576	92.491	34.34	76.661	24.056	0.857	80.677	6658.366	0.377	17661.44828	71.081	155.632	0.1545697543	0.4479461525		1.422581657	28.07001167	0.0506797672	1.630898521	2.693389633
MB-MG528	W-A	Assiniboine Forest 	49.85778	-97.24848	MB	T	y	147	106.142	44.777	92.358	23.061	1.002	95.871	9091.644	0.603	15077.35323	74.374	170.061	0.1356042832	0.4848199398		1.38493716	23.01497006	0.06017549256	1.533310386	2.370458048
MB-MG528	W-B	Assiniboine Forest 	49.85778	-97.24848	MB	T	y	141.543	99.369	51.367	71.279	25.79	0.86	98.753	7593.907	0.469	16191.69936	65.062	167.333	0.154123813	0.7206470349		1.424418078	29.98837209	0.04749901307	1.433303292	1.934491016
MN-SD003	E-A	Paririe Moon Nursery	43.89088	-91.64689	MN	T	y	163.868	109.813	25.048	53.57	12.418	2.225	116.955	11581.747	1.237	9362.770412	123.178	176.286	0.07044234936	0.4675751353		1.492245909	5.581123596	0.2673737436	1.401120089	4.384102523
MN-SD003	E-B	Paririe Moon Nursery	43.89088	-91.64689	MN	T	y	147.893	118.966	10.71	25.292	14.792	1.945	102.48	10149.324	1.029	9863.28863	103.436	162.685	0.09092417863	0.4234540566		1.243153506	7.605141388	0.1634622478	1.443140125	11.10793651
MN-SD003	N-A	Paririe Moon Nursery	43.89088	-91.64689	MN	T	y	159.745	102.695	36.6	74.58	12.092	1.615	75.449	9013.314	0.88	10242.40227	77.401	171.837	0.07036901249	0.4907481899		1.555528507	7.487306502	0.20775542	2.117258015	2.805874317
MN-SD003	N-B	Paririe Moon Nursery	43.89088	-91.64689	MN	T	y	125.255	76.88	37.01	41.41	7.999	1.531	84.984	5345.63	0.519	10299.86513	82.315	133.254	0.06002821679	0.8937454721		1.629227367	5.224689745	0.3118323665	1.473865669	2.077276412
MN-SD003	S-A	Paririe Moon Nursery	43.89088	-91.64689	MN	T	y	197.843	149.11	21.733	78.755	21.191	1.988	106.333	16795.912	2.131	7881.704364	107.948	219.034	0.09674753691	0.2759570821		1.326825833	10.65945674	0.1244740577	1.860598309	6.860994801
MN-SD003	S-B	Paririe Moon Nursery	43.89088	-91.64689	MN	T	y	178.223	125.428	40.012	34.035	15.187	1.558	105.821	11190.65	1.45	7717.689655	101.697	193.41	0.07852231012	1.175613339		1.420918774	9.74775353	0.1457688451	1.684193119	3.134759572
MN-SD003	W-A	Paririe Moon Nursery	43.89088	-91.64689	MN	F	N	Missing - leaves not in voucher									#DIV/0!		#VALUE!	#VALUE!	#DIV/0!		#VALUE!	#DIV/0!	#VALUE!	#VALUE!	#DIV/0!
MN-SD003	W-B	Paririe Moon Nursery	43.89088	-91.64689	MN	F	N	Missing - leaves not in voucher									#DIV/0!		#VALUE!	#VALUE!	#DIV/0!		#VALUE!	#DIV/0!	#VALUE!	#VALUE!	#DIV/0!
MB-MG518	E-A	Spruce Woods Provincial Park	49.76061	-99.15928	MB	T	y	95.389	52.373	37.174	29.906	10.15	1.243	48.035	3137.772	0.448	7003.955357	76.608	105.539	0.09617297871	1.243028155		1.82133924	8.165728077	0.223046766	1.985822838	1.408861032
MB-MG518	E-B	Spruce Woods Provincial Park	49.76061	-99.15928	MB	T	y	88.267	56.027	33.71	37.512	10.776	1.266	47.728	3148.244	0.413	7622.866828	81.457	99.043	0.1088012277	0.8986457667		1.575436843	8.511848341	0.1850875133	1.849375629	1.662029071
MB-MG518	N-A	Spruce Woods Provincial Park	49.76061	-99.15928	MB	T	y	141.489	77.273	43.336	25.747	15.192	1.447	101.884	6646.54	0.836	7950.406699	73.858	156.681	0.09696134183	1.683147551		1.831027655	10.49896337	0.1744008042	1.388726395	1.783113347
MB-MG518	N-B	Spruce Woods Provincial Park	49.76061	-99.15928	MB	T	y	127.655	70.167	29.449	25.386	13.467	1.554	64.284	5440.959	0.709	7674.131171	72.99	141.122	0.09542806933	1.160048846		1.819302521	8.666023166	0.2099351094	1.985797399	2.38266155
MB-MG518	S-A	Spruce Woods Provincial Park	49.76061	-99.15928	MB	T	y	117.126	72.031	28.243	33.8	8.657	1.688	88.604	5272.762	0.665	7928.965414	85.507	125.783	0.06882488095	0.835591716		1.626049895	5.128554502	0.317058129	1.321904203	2.550401869
MB-MG518	S-B	Spruce Woods Provincial Park	49.76061	-99.15928	MB	T	y	99.265	57.831	37.972	31.141	10.735	1.201	65.002	3176.111	0.381	8336.249344	67.499	110	0.09759090909	1.219357118		1.716466947	8.938384679	0.1920332374	1.527106858	1.522990625
MB-MG518	W-A	Spruce Woods Provincial Park	49.76061	-99.15928	MB	T	y	117.961	48.102	28.3	40.041	8.534	1.063	87.749	3784.766	0.459	8245.67756	65.038	126.495	0.0674651172	0.7067755551		2.452309675	8.028222013	0.3054611184	1.34430022	1.699717314
MB-MG518	W-B	Spruce Woods Provincial Park	49.76061	-99.15928	MB	T	y	94.313	54.968	41.062	29.826	8.986	1.365	64.623	3009.545	0.357	8430.098039	59.792	103.299	0.08699019352	1.376718299		1.71578009	6.583150183	0.2606320747	1.459433948	1.338658614
MB-MG517	E-A	Spruce Woods Provincial Park	49.76095	-99.15983	MB	T	y	133.262	74.612	45.826	65.112	6.335	1.182	93.594	5905.326	0.406	14545.13793	72.44	139.597	0.04538063139	0.7038026785		1.786066584	5.359560068	0.3332487297	1.423830587	1.628158687
MB-MG517	E-B	Spruce Woods Provincial Park	49.76095	-99.15983	MB	T	y	122.616	67.989	45.513	48.025	7.92	1.15	90.444	5247.674	0.44	11926.53182	77.447	130.536	0.06067291782	0.9476939094		1.803468208	6.886956522	0.2618672272	1.355711822	1.493836926
MB-MG517	N-A	Spruce Woods Provincial Park	49.76095	-99.15983	MB	T	y	119.971	100	49.33	56.238	12.083	1.44	56.226	7277.313	0.855	8511.477193	98.333	132.054	0.09150044679	0.8771649063		1.19971	8.390972222	0.1429762807	2.133728168	2.027163998
MB-MG517	N-B	Spruce Woods Provincial Park	49.76095	-99.15983	MB	T	y	108.021	58.362	40.292	29.229	5.679	1.248	50.121	4095.385	0.357	11471.66667	86.912	113.7	0.04994722955	1.378493961		1.850878997	4.550480769	0.4067436147	2.155204405	1.448476124
MB-MG517	S-A	Spruce Woods Provincial Park	49.76095	-99.15983	MB	T	y	147.12	92.559	46.047	59.038	12.529	1.655	71.581	8103.904	0.758	10691.16623	95.942	159.649	0.07847841202	0.779955283		1.589472661	7.570392749	0.2099590752	2.055294003	2.010098378
MB-MG517	S-B	Spruce Woods Provincial Park	49.76095	-99.15983	MB	T	y	121.067	79.008	41.232	27.24	12.312	1.389	71.383	4969.878	0.49	10142.60816	67.222	133.379	0.09230838438	1.513656388		1.532338497	8.863930886	0.1728734708	1.696020061	1.916181607
MB-MG517	W-A	Spruce Woods Provincial Park	49.76095	-99.15983	MB	T	y	123.987	86.295	33.144	48.94	10.517	1.234	70.321	5646.544	0.399	14151.73935	79.348	134.504	0.07819098317	0.6772374336		1.43678081	8.522690438	0.1685830103	1.763157521	2.603638668
MB-MG517	W-B	Spruce Woods Provincial Park	49.76095	-99.15983	MB	T	y	122.429	63.88	25.727	41.555	10.605	1.144	71.977	4230.131	0.3	14100.43667	68.57	133.034	0.07971646346	0.6191072073		1.91654665	9.270104895	0.206744872	1.700946136	2.482994519
MB-MG516	E-A	Spruce Woods Provincial Park	49.76104	-99.15971	MB	T	y	107.31	69.928	42.78	54.33	6.378	1.309	67.551	4987.601	0.413	12076.51574	128.45	113.688	0.05610090775	0.7874102706		1.534578424	4.872421696	0.3149518903	1.588577519	1.634595605
MB-MG516	E-B	Spruce Woods Provincial Park	49.76104	-99.15971	MB	T	y	104.912	70.418	36.495	49.937	7.318	1.059	75.761	4485.907	0.373	12026.56032	89.359	112.23	0.06520538181	0.7308208343		1.489846346	6.910292729	0.2155981526	1.384775808	1.929524592
MB-MG516	N-A	Spruce Woods Provincial Park	49.76104	-99.15971	MB	T	y	99.962	60.916	41.288	40.83	4.676	1.101	49.326	3958.33	0.301	13150.59801	85.614	104.638	0.04468739846	1.011217242		1.640981023	4.247048138	0.3863815454	2.026558002	1.475392366
MB-MG516	N-B	Spruce Woods Provincial Park	49.76104	-99.15971	MB	T	y	99.699	65.478	26.492	51.577	5.696	1.29	52.7	3792.248	0.338	11219.66864	111.358	105.395	0.0540443095	0.5136398007		1.522633556	4.415503876	0.344838007	1.891821632	2.471614072
MB-MG516	S-A	Spruce Woods Provincial Park	49.76104	-99.15971	MB	T	y	117.556	67.776	43.145	54.1	6.167	1.077	67.234	5080.112	0.347	14640.09222	104.039	123.723	0.04984521875	0.7975046211		1.734478281	5.726090994	0.3029079146	1.7484606	1.570888863
MB-MG516	S-B	Spruce Woods Provincial Park	49.76104	-99.15971	MB	T	y	102.529	70.76	32.048	38.247	6.852	1.255	72.817	4271.236	0.363	11766.49036	104.663	109.381	0.0626434207	0.8379219285		1.448968344	5.459760956	0.2653904366	1.408036585	2.207938093
MB-MG516	W-A	Spruce Woods Provincial Park	49.76104	-99.15971	MB	T	y	125.304	60.49	37.34	46.135	7.98	1.421	80.461	4975.486	0.503	9891.622266	83.763	133.284	0.0598721527	0.8093638236		2.07148289	5.615763547	0.3688693216	1.557325909	1.619978575
MB-MG516	W-B	Spruce Woods Provincial Park	49.76104	-99.15971	MB	T	y	106.102	60.771	37.637	40.543	8.02	1.746	43.572	5421.95	0.465	11660.10753	128.385	114.122	0.0702756699	0.9283230151		1.745931448	4.593356243	0.3800992902	2.435095933	1.614661105
MB-MG513	E-A	Whiteshell Provincial Park	49.71209	-95.24496	MB	T	y	131.547	74.355	18.704	43.525	14.487	0.923	97.192	5129.642	0.444	11553.24775	66.921	146.034	0.09920292535	0.4297300402		1.769174904	15.69555796	0.1127181912	1.353475595	3.975352866
MB-MG513	E-B	Whiteshell Provincial Park	49.71209	-95.24496	MB	T	y	118.771	74.175	19.749	47.865	12.115	1.089	90.865	4844.093	0.455	10646.35824	72.148	130.886	0.0925614657	0.4125979317		1.601226828	11.12488522	0.1439319865	1.307114951	3.755886374
MB-MG513	N-A	Whiteshell Provincial Park	49.71209	-95.24496	MB	T	y	127.09	84.555	17.307	55.229	14.522	0.916	92.863	5196.358	0.314	16548.91083	63.894	141.612	0.1025478067	0.313367977		1.503045355	15.85371179	0.09480715778	1.368575213	4.885595424
MB-MG513	N-B	Whiteshell Provincial Park	49.71209	-95.24496	MB	T	y	86.427	47.501	22.27	30.829	9.342	1.039	48.058	2413.197	0.165	14625.43636	71.163	95.769	0.09754722301	0.7223717928		1.819477485	8.991337825	0.2023589281	1.798389446	2.132959138
MB-MG513	S-A	Whiteshell Provincial Park	49.71209	-95.24496	MB	T	y	123.399	76.946	8.573	42.698	17.054	1.047	84.364	4625.188	0.462	10011.22944	63.3	140.453	0.1214214008	0.200782238		1.603709095	16.28844317	0.09845686772	1.462697359	8.975387846
MB-MG513	S-B	Whiteshell Provincial Park	49.71209	-95.24496	MB	T	y	122.393	78.712	16.083	22.612	16.414	1.092	84.457	4609.67	0.513	8985.711501	73.278	138.807	0.1182505205	0.7112595082		1.554947149	15.03113553	0.1034484152	1.44917532	4.894111795
MB-MG513	W-A	Whiteshell Provincial Park	49.71209	-95.24496	MB	T	y	144.98	102.232	14.839	46.443	20.707	1.149	91.585	6973.286	0.715	9752.847552	77.123	165.687	0.1249766125	0.3195099369		1.41814696	18.02175805	0.07869082228	1.583010318	6.889413033
MB-MG513	W-B	Whiteshell Provincial Park	49.71209	-95.24496	MB	T	y	142.238	82.99	16.792	36.922	18.973	1.019	110.476	6391.453	0.489	13070.45603	60.574	161.211	0.1176904802	0.4547965982		1.713917339	18.61923454	0.09205090228	1.287501358	4.942234397
MB-SD005	E-A	Whiteshell Provincial Park	49.71279	-95.2444	MB	T	y	129.056	66.63	29.055	36.594	15.778	0.92	91.027	4403.666	0.393	11205.257	55.549	144.834	0.1089385089	0.7939826201		1.936905298	17.15	0.1129390844	1.417777143	2.293236964
MB-SD005	E-B	Whiteshell Provincial Park	49.71279	-95.2444	MB	T	y	102.426	52.727	25.935	34.202	7.289	0.909	78.917	2755.499	0.211	13059.23697	47.509	109.715	0.06643576539	0.7582889889		1.942572117	8.01870187	0.2422551865	1.297895257	2.033044149
MB-SD005	N-A	Whiteshell Provincial Park	49.71279	-95.2444	MB	T	y	123.079	70.489	30.251	45.81	11.056	1.212	92.011	4552.315	0.447	10184.14989	58.432	134.135	0.08242442316	0.6603580004		1.746073855	9.122112211	0.1914111354	1.33765528	2.330137847
MB-SD005	N-B	Whiteshell Provincial Park	49.71279	-95.2444	MB	T	y	127.319	67.48	26.989	38.149	11.111	1.071	97.824	4276.585	0.364	11748.85989	59.393	138.43	0.08026439356	0.7074628431		1.886766449	10.37441643	0.1818672367	1.301510877	2.500277891
MB-SD005	S-A	Whiteshell Provincial Park	49.71279	-95.2444	MB	T	y	137.309	81.635	37.113	54.047	13.743	1.171	95.043	5588.42	0.395	14147.89873	58.542	151.052	0.09098191351	0.6866801118		1.681986893	11.73612297	0.1433170815	1.444703976	2.199633552
MB-SD005	S-B	Whiteshell Provincial Park	49.71279	-95.2444	MB	T	y	120.097	60.8	33.06	46.651	8.415	1.122	84.195	4042.34	0.267	15139.85019	57.387	128.512	0.06548026643	0.7086664809		1.975279605	7.5	0.263370614	1.42641487	1.83908046
MB-SD005	W-A	Whiteshell Provincial Park	49.71279	-95.2444	MB	T	y	120.635	63.546	29.982	42.045	12.074	1.133	93.356	4182.48	0.287	14573.10105	52.632	132.709	0.09098101862	0.7130931145		1.898388569	10.65666372	0.1781409846	1.292204036	2.119471683
MB-SD005	W-B	Whiteshell Provincial Park	49.71279	-95.2444	MB	T	y	115.195	65.716	25.397	47.205	9.859	0.853	79.929	3614.185	0.21	17210.40476	46.965	125.054	0.07883794201	0.5380150408		1.752921663	11.55803048	0.1516626614	1.44121658	2.587549711
MB-SD004	E-A	Whiteshell Provincial Park	49.4249	-95.1436	MB	T	y	104.344	60.093	10.493	37.735	21.17	0.982	84.29	3608.372	0.434	8314.221198	86.075	125.514	0.1686664436	0.2780707566		1.736375285	21.55804481	0.0805441913	1.237916716	5.726960831
MB-SD004	E-B	Whiteshell Provincial Park	49.4249	-95.1436	MB	T	y	95.942	56.182	9.17	48.472	19.46	1.196	73.22	2851.593	0.359	7943.155989	83.269	115.402	0.1686279267	0.1891813831		1.707699975	16.27090301	0.1049542225	1.310325048	6.126717557
MB-SD004	N-A	Whiteshell Provincial Park	49.4249	-95.1436	MB	T	y	96.167	63.089	14.383	53.75	15.325	0.968	67.376	3283.716	0.387	8485.054264	85.851	111.492	0.1374538083	0.2675906977		1.524306931	15.83161157	0.09628248676	1.427318333	4.386358896
MB-SD004	N-B	Whiteshell Provincial Park	49.4249	-95.1436	MB	T	y	85.187	55.611	14.69	56.087	17.16	1.01	63.197	2794.089	0.346	8075.401734	95.573	102.347	0.1676649047	0.2619145256		1.531837226	16.99009901	0.09016058268	1.347959555	3.785636487
MB-SD004	S-A	Whiteshell Provincial Park	49.4249	-95.1436	MB	T	y	118.059	52.611	12.127	20.534	14.343	1.079	92.826	3313.838	0.31	10689.8	73.227	132.402	0.1083291793	0.5905814746		2.243998403	13.29286376	0.1688122622	1.271831168	4.338335945
MB-SD004	S-B	Whiteshell Provincial Park	49.4249	-95.1436	MB	T	y	100.848	52.56	11.369	27.15	13.645	1.243	74.692	2986.719	0.319	9362.755486	91.045	114.493	0.1191775916	0.418747698		1.918721461	10.97747385	0.1747871584	1.350184759	4.623097898
MB-SD004	W-A	Whiteshell Provincial Park	49.4249	-95.1436	MB	T	y	105.56	65.601	10.741	31.714	21.053	1.083	78.594	3835.662	0.409	9378.146699	94.441	126.613	0.1662783442	0.3386832314		1.609121812	19.43951985	0.08277580025	1.343105072	6.107531887
MB-SD004	W-B	Whiteshell Provincial Park	49.4249	-95.1436	MB	T	y	105.677	69.265	7.908	60.831	21.91	1.079	72.494	2718.811	0.451	6028.405765	89.089	127.587	0.1717259595	0.1299995068		1.525691186	20.30583874	0.07513559059	1.457734433	8.758851796
MN-SD001	E-A	Paririe Moon Nursery	43.89117	-91.64684	MN	T	y	134.066	87.234	29.603	43.42	13.822	1.485	88.638	6397.453	0.899	7116.187987	65.659	147.888	0.09346262036	0.6817825887		1.536854896	9.307744108	0.1651157228	1.512511564	2.946795933
MN-SD001	E-B	Paririe Moon Nursery	43.89117	-91.64684	MN	T	y	134.084	77.547	42.99	35.839	15.273	1.45	90.475	6141.844	0.781	7864.076825	74.626	149.357	0.1022583474	1.199531237		1.729067533	10.53310345	0.1641555636	1.482000553	1.803838102
MN-SD001	N-A	Paririe Moon Nursery	43.89117	-91.64684	MN	T	y	158.422	103.416	40.378	62.691	26.602	1.568	72.389	7887.21	1.301	6062.421214	72.726	185.024	0.1437759426	0.6440796925		1.531890617	16.96556122	0.09029413152	2.188481675	2.561196691
MN-SD001	N-B	Paririe Moon Nursery	43.89117	-91.64684	MN	T	y	139.197	108.809	23.77	49.584	21.812	1.676	101.501	7525.915	1.174	6410.489779	76.987	161.009	0.135470688	0.4793885124		1.279278369	13.01431981	0.09829775104	1.371385504	4.577576777
MN-SD001	S-A	Paririe Moon Nursery	43.89117	-91.64684	MN	T	y	137.881	90.146	43.127	47.494	21.437	1.496	88.636	6464.752	0.917	7049.89313	60.052	159.318	0.1345547898	0.9080515434		1.529529874	14.32954545	0.1067395947	1.555586895	2.09024509
MN-SD001	S-B	Paririe Moon Nursery	43.89117	-91.64684	MN	T	y	132.357	94.915	43.232	39.417	23.437	1.485	68.981	5858.824	0.765	7658.593464	68.678	155.794	0.1504358319	1.096785651		1.394479271	15.78249158	0.08835609154	1.918745742	2.1954802
MN-SD001	W-A	Paririe Moon Nursery	43.89117	-91.64684	MN	T	y	146.125	107.224	27.094	44.003	21.558	1.315	107.268	7568.053	0.983	7698.934893	75.433	167.683	0.1285640166	0.6157307456		1.362801239	16.39391635	0.08312847336	1.362242234	3.957481361
MN-SD001	W-B	Paririe Moon Nursery	43.89117	-91.64684	MN	T	y	149.42	93.299	20.237	32.366	23.46	1.596	109.979	6722.816	1.012	6643.098814	66.083	172.88	0.1357010643	0.6252548971		1.601517701	14.69924812	0.1089523551	1.35862301	4.610317735
MN-SD002	E-A	Paririe Moon Nursery	43.89804	-91.64801	MN	T	y	157.946	103.613	42.185	62.694	26.972	1.617	71.749	7887.21	1.211	6512.97275	73.047	184.918	0.1458592457	0.6728714072		1.524384006	16.68027211	0.09138843755	2.20136866	2.456157402
MN-SD002	E-B	Paririe Moon Nursery	43.89804	-91.64801	MN	T	y	139.159	108.96	23.988	48.947	21.852	1.561	101.354	7525.915	0.36	20905.31944	77.9	161.011	0.1357174355	0.4900811081		1.277156755	13.99871877	0.09123383188	1.372999586	4.542271136
MN-SD002	N-A	Paririe Moon Nursery	43.89804	-91.64801	MN	T	y	156.316	87.42	29.323	72.161	19.981	1.351	95.493	7639.623	0.808	9454.97896	77.869	176.297	0.1133371526	0.4063552334		1.788103409	14.78978534	0.1209012414	1.636936739	2.981277495
MN-SD002	N-B	Paririe Moon Nursery	43.89804	-91.64801	MN	T	y	122.164	74.361	33.708	39.863	15.482	1.386	72.556	5347.194	0.388	13781.42784	75.206	137.646	0.1124769336	0.8455961669		1.642850419	11.17027417	0.1470734195	1.683720161	2.206034176
MN-SD002	S-A	Paririe Moon Nursery	43.89804	-91.64801	MN	T	y	181.093	129.934	31.154	97.049	23.116	1.388	109.421	13847.819	1.227	11285.91606	78.341	204.209	0.1131977533	0.3210130965		1.393730663	16.65417867	0.08368654441	1.655011378	4.170700392
MN-SD002	S-B	Paririe Moon Nursery	43.89804	-91.64801	MN	T	y	165.605	98.978	29.72	71.811	19.408	1.294	82.502	8233.222	0.728	11309.37088	65.194	185.013	0.1049007367	0.4138641712		1.673149589	14.9984544	0.1115548005	2.007284672	3.330349933
MN-SD002	W-A	Paririe Moon Nursery	43.89804	-91.64801	MN	T	y	143.079	93.257	15.25	55.577	21.919	1.366	114.887	7221.823	0.769	9391.187256	68.635	164.998	0.1328440345	0.2743940839		1.534244078	16.04612006	0.09561464532	1.245388947	6.115213115
MN-SD002	W-B	Paririe Moon Nursery	43.89804	-91.64801	MN	T	y	155.388	93.365	18.966	69.464	21.695	1.018	114.93	8054.755	0.664	12130.65512	76.207	177.083	0.1225131718	0.2730335138		1.664306753	21.31139489	0.07809468885	1.352022971	4.922756512
IL-MG603	E-A	Near Shawnee National Forest 	37.51492	-89.4445	IL	F	y	170.038	98.495	46.751	75.768	6.775	1.435	106.54	9782.606	0.562	17406.77224	84.018	176.813	0.0383173183	0.6170282969		1.726361744	4.721254355	0.3656574322	1.596001502	2.106799855
IL-MG603	E-B	Near Shawnee National Forest 	37.51492	-89.4445	IL	F	y	111.775	63.955	23.123	45.402	3.202	0.982	72.584	3626.9	0.178	20375.8427	62.76	114.977	0.02784904807	0.5092947447		1.747713236	3.260692464	0.5359945027	1.539939932	2.765860831
IL-MG603	N-A	Near Shawnee National Forest 	37.51492	-89.4445	IL	F	y	257.554	167.269	27.952	71.268	22.623	1.466	110.715	21736.192	2.097	10365.3753	79.503	280.177	0.08074538595	0.3922096874		1.53975931	15.43178718	0.0997784179	2.326279185	5.984151402
IL-MG603	N-B	Near Shawnee National Forest 	37.51492	-89.4445	IL	F	y	221.568	163.606	15.672	84.733	21.711	1.689	93.35	18839.928	1.821	10345.92422	85.607	243.279	0.08924321458	0.1849574546		1.35427796	12.85435169	0.105355602	2.373519014	10.43938234
IL-MG603	S-A	Near Shawnee National Forest 	37.51492	-89.4445	IL	F	y	235.526	136.042	30.149	54.904	20.047	1.783	136.857	17059.321	1.403	12159.17391	79.382	255.573	0.07843942827	0.549122104		1.731274165	11.24340998	0.1539812359	1.720964218	4.512322133
IL-MG603	S-B	Near Shawnee National Forest 	37.51492	-89.4445	IL	F	y	222.547	118.681	51.265	78.472	17.596	1.669	127.85	14502.609	1.212	11965.84901	98.503	240.143	0.07327300817	0.6532903456		1.875169572	10.54284002	0.1778619013	1.740688307	2.315049254
IL-MG603	W-A	Near Shawnee National Forest 	37.51492	-89.4445	IL	F	y	254.401	155.228	47.507	113.96	29.918	2.071	185.264	19237.79	2.253	8538.743897	70.913	284.319	0.1052268754	0.4168743419		1.638886026	14.44616127	0.1134478561	1.373180974	3.267476372
IL-MG603	W-B	Near Shawnee National Forest 	37.51492	-89.4445	IL	F	y	164.818	108.705	19.919	59.648	20.151	1.342	83.849	8224.314	0.979	8400.729316	96.059	184.969	0.1089425796	0.3339424624		1.516195207	15.01564829	0.1009743421	1.965652542	5.457352277
IL-MG604	E-A	Near Shawnee National Forest 	37.51651	-89.44542	IL	F	y									1.339	0		0	#DIV/0!	#DIV/0!		#DIV/0!	#DIV/0!	#DIV/0!	#DIV/0!	#DIV/0!
IL-MG604	E-B	Near Shawnee National Forest 	37.51651	-89.44542	IL	F	y									1.156	0		0	#DIV/0!	#DIV/0!		#DIV/0!	#DIV/0!	#DIV/0!	#DIV/0!	#DIV/0!
IL-MG604	N-A	Near Shawnee National Forest 	37.51651	-89.44542	IL	F	y									1.218	0		0	#DIV/0!	#DIV/0!		#DIV/0!	#DIV/0!	#DIV/0!	#DIV/0!	#DIV/0!
IL-MG604	N-B	Near Shawnee National Forest 	37.51651	-89.44542	IL	F	y									0.779	0		0	#DIV/0!	#DIV/0!		#DIV/0!	#DIV/0!	#DIV/0!	#DIV/0!	#DIV/0!
IL-MG604	S-A	Near Shawnee National Forest 	37.51651	-89.44542	IL	F	y									1.467	0		0	#DIV/0!	#DIV/0!		#DIV/0!	#DIV/0!	#DIV/0!	#DIV/0!	#DIV/0!
IL-MG604	S-B	Near Shawnee National Forest 	37.51651	-89.44542	IL	F	y									0.432	0		0	#DIV/0!	#DIV/0!		#DIV/0!	#DIV/0!	#DIV/0!	#DIV/0!	#DIV/0!
IL-MG604	W-A	Near Shawnee National Forest 	37.51651	-89.44542	IL	F	y									1.9	0		0	#DIV/0!	#DIV/0!		#DIV/0!	#DIV/0!	#DIV/0!	#DIV/0!	#DIV/0!
IL-MG604	W-B	Near Shawnee National Forest 	37.51651	-89.44542	IL	F	y									1.564	0		0	#DIV/0!	#DIV/0!		#DIV/0!	#DIV/0!	#DIV/0!	#DIV/0!	#DIV/0!
IN-MG631	E-A	Burr Oak Woods	41.53273	-87.2948	IN	T	y	185.432	134.604	23.795	60.172	37.405	1.377	97.687	13480.619	0.937	14387	80.276	222.837	0.1678581205	0.3954497108		1.377611364	27.16412491	0.05071436567	1.898225967	5.656818659
IN-MG631	E-B	Burr Oak Woods	41.53273	-87.2948	IN	T	y	180.83	98.7	13.286	49.182	27.792	1.271	71.677	9718.162	0.7	13883.08857	73.843	208.622	0.1332170145	0.2701394819		1.832117528	21.86624705	0.08378747042	2.522845543	7.428872497
IN-MG631	N-A	Burr Oak Woods	41.53273	-87.2948	IN	T	y	250.758	174.268	64.341	126.042	31.132	1.969	152.123	23564.021	1.519	15512.85122	82.697	281.89	0.1104402426	0.5104726996		1.438921661	15.81107161	0.09100721927	1.64838979	2.70850624
IN-MG631	N-B	Burr Oak Woods	41.53273	-87.2948	IN	T	y	228.328	135.752	61.424	88.617	37.334	1.574	150.484	17769.423	0.967	18375.82523	68.637	265.662	0.1405319541	0.6931401424		1.681949437	23.71918679	0.0709109234	1.517290875	2.21008075
IN-MG631	S-A	Burr Oak Woods	41.53273	-87.2948	IN	T	y	213.153	148.667	30.629	108.896	42.061	1.511	131.325	14846.818	1.09	13620.93394	69.875	255.214	0.1648067896	0.2812683661		1.433761359	27.8365321	0.05150646475	1.623095374	4.853798688
IN-MG631	S-B	Burr Oak Woods	41.53273	-87.2948	IN	T	y	193.037	113.227	24.31	48.602	32.928	1.234	140.918	11561.897	0.773	14957.17594	64.77	225.965	0.1457216826	0.5001851776		1.704867214	26.68395462	0.06389110003	1.36985339	4.657630605
IN-MG631	W-A	Burr Oak Woods	41.53273	-87.2948	IN	T	y	251.323	154.313	54.997	109.083	47.525	1.839	159.213	20590.603	1.561	13190.64894	65.903	298.848	0.1590273316	0.5041757194		1.628657339	25.84284937	0.06302158542	1.57853316	2.805843955
IN-MG631	W-B	Burr Oak Woods	41.53273	-87.2948	IN	T	y	211.427	165.236	70.395	104.895	42.192	2.03	120.595	18454.236	1.395	13228.84301	78.988	253.619	0.1663597759	0.6710996711		1.27954562	20.78423645	0.06156327284	1.753198723	2.347268982
IN-MG636	E-A	Burr Oak Woods	41.5345	-87.29279	IN	T	y	190.642	115.043	9.705	75.886	43.12	1.527	144.587	10392.212	1.195	8696.411715	69.548	233.762	0.1844611186	0.1278892022		1.657136897	28.2383759	0.05868385995	1.318527945	11.85399279
IN-MG636	E-B	Burr Oak Woods	41.5345	-87.29279	IN	T	y	169.154	95.549	19.237	67.714	30.509	1.405	120.432	7501.13	0.88	8524.011364	48.808	199.663	0.1528024722	0.284091916		1.770337732	21.71459075	0.0815275661	1.40456025	4.966938712
IN-MG636	N-A	Burr Oak Woods	41.5345	-87.29279	IN	T	y	183.223	115.241	18.263	91.727	24.593	1.341	112.397	11852.598	0.808	14669.05693	85.515	207.816	0.1183402625	0.1991016822		1.589911577	18.33929903	0.08669423918	1.630141374	6.310080491
IN-MG636	N-B	Burr Oak Woods	41.5345	-87.29279	IN	T	y	175.747	100.571	30.562	82.491	20.492	1.522	113.373	10047.737	0.669	15019.03886	63.029	196.239	0.1044236874	0.3704889018		1.747491822	13.46386334	0.1297912626	1.550166265	3.290720503
IN-MG636	S-A	Burr Oak Woods	41.5345	-87.29279	IN	T	y	184.468	114.43	24.043	73.183	41.494	1.707	147.087	11212.547	1.261	8891.789849	62.916	225.962	0.1836326462	0.3285325827		1.612059775	24.30814294	0.06631768533	1.254142106	4.759389427
IN-MG636	S-B	Burr Oak Woods	41.5345	-87.29279	IN	T	y	201.555	133.449	8.658	56.203	33.803	1.562	146.927	12055.335	1.136	10612.09067	69.264	235.358	0.1436237562	0.1540487163		1.510352269	21.64084507	0.0697917417	1.371803685	15.41337491
IN-MG636	W-A	Burr Oak Woods	41.5345	-87.29279	IN	T	y	223.657	151.724	8.696	86.655	38.868	1.68	141.079	17104.246	1.561	10957.23639	69.536	262.525	0.148054471	0.1003519705		1.474104295	23.13571429	0.06371552987	1.585331623	17.4475621
IN-MG636	W-B	Burr Oak Woods	41.5345	-87.29279	IN	T	y	207.391	145.928	18.363	111.589	29.262	1.741	164.499	15708.29	1.435	10946.54355	74.53	236.653	0.1236493938	0.1645592307		1.421187161	16.80758185	0.08455631354	1.260743226	7.946849643
IN-MG638	E-A	Burr Oak Woods	41.53253	-87.29661	IN	T	y	185.171	133.857	11.576	62.092	25.089	1.304	89.714	13512	1.611	8387.337058	88.711	210.26	0.1193236945	0.1864330349		1.383349395	19.24003067	0.07189954209	2.064014535	11.56332066
IN-MG638	E-B	Burr Oak Woods	41.53253	-87.29661	IN	T	y	157.92	118.085	19.034	71.774	21.684	1.087	93.223	8952.093	0.887	10092.5513	82.122	179.604	0.1207322777	0.2651935241		1.337341745	19.94848206	0.06703977482	1.694002553	6.203898287
IN-MG638	N-A	Burr Oak Woods	41.53253	-87.29661	IN	T	y	150.054	121.363	17.122	27.702	20.904	1.395	88.822	8326.301	0.989	8418.908999	92.215	170.958	0.1222756467	0.6180781171		1.236406483	14.98494624	0.08250990451	1.689378758	7.088132228
IN-MG638	N-B	Burr Oak Woods	41.53253	-87.29661	IN	T	y	145.77	125.207	32.13	30.262	23.834	1.236	89.509	8892.627	0.964	9224.716805	97.766	169.604	0.1405273461	1.061727579		1.164232032	19.28317152	0.06037554717	1.628551319	3.896887644
IN-MG638	S-A	Burr Oak Woods	41.53253	-87.29661	IN	T	y	176.449	116.706	25.94	109.613	29.036	1.398	90.83	11746.155	1.423	8254.501054	74.456	205.485	0.1413047181	0.2366507622		1.51191027	20.76967096	0.07279413686	1.942629087	4.499074788
IN-MG638	S-B	Burr Oak Woods	41.53253	-87.29661	IN	T	y	151.904	105.067	12.6	60.696	17.027	2.106	94.572	8588.039	1.078	7966.641002	82.197	168.931	0.1007926313	0.2075919336		1.445782215	8.084995252	0.1788228898	1.606225944	8.338650794
IN-MG638	W-A	Burr Oak Woods	41.53253	-87.29661	IN	T	y	187.682	141.987	54.937	107.534	23.501	1.32	119.467	14592.531	1.206	12099.94279	80.929	211.183	0.1112826317	0.5108802797		1.321825238	17.80378788	0.07424404551	1.570994501	2.584542294
IN-MG638	W-B	Burr Oak Woods	41.53253	-87.29661	IN	T	y	174.232	129.513	19.409	85.689	21.698	1.225	109.843	11618.103	1.054	11022.86812	82.996	195.93	0.1107436329	0.2265051524		1.345285801	17.71265306	0.07595055336	1.5861912	6.672832191
MN-MG788	E-A	UMN Campus	44.97882	-93.23768	MN	T 	y	227.966	155.677	45.718	63.012	25.153	1.478	117.527	16447.959	1.448	11359.08771	75.174	253.119	0.09937223203	0.7255443408		1.464352473	17.01826793	0.08604591721	1.939690454	3.405157706
MN-MG788	E-B	UMN Campus	44.97882	-93.23768	MN	T 	y	230.899	141.905	18.663	58.59	7.981	1.589	168	13181.562	1.328	9925.875	64.304	238.88	0.03341008038	0.3185355863		1.627137874	5.022655758	0.3239596644	1.37439881	7.603547125
MN-MG788	N-A	UMN Campus	44.97882	-93.23768	MN	T 	y	223.55	142.652	13.097	54.21	25.707	1.303	132.395	14164.414	1.331	10641.93388	73.944	249.257	0.1031345158	0.2415974912		1.567100356	19.72908672	0.07943096293	1.688507874	10.89195999
MN-MG788	N-B	UMN Campus	44.97882	-93.23768	MN	T 	y	210.012	126.111	14.827	47.927	21.358	1.281	133.112	11795.416	0.826	14280.16465	63.663	231.37	0.2071444007	8.505496729		1.665294859	2.243983519	0.742115459	1.577708997	1.665294859
MN-MG788	S-A	UMN Campus	44.97882	-93.23768	MN	T 	y	242.274	154.13	35.252	116.878	25.312	1.613	182.016	18320.808	1.535	11935.3798	75.124	267.586	0.09459388757	0.3016136484		1.57188088	4.617493679	0.3404186316	1.331058808	4.372234199
MN-MG788	S-B	UMN Campus	44.97882	-93.23768	MN	T 	y	229.143	142.162	29.248	119.186	19.822	1.479	158.395	15006.28	1.371	10945.49964	59.781	248.965	0.07961761693	0.2453979494		1.611844234	6.012814045	0.2680681993	1.446655513	4.860571663
MN-MG788	W-A	UMN Campus	44.97882	-93.23768	MN	T 	y	249.93	192.747	26.898	121.022	25.41	1.86	171.542	23225.769	2.188	10615.0681	78.102	275.34	0.09228590107	0.2222571103		1.296673878	4.762770563	0.2722520141	1.456960977	7.165848762
MN-MG788	W-B	UMN Campus	44.97882	-93.23768	MN	T 	y	195.659	136.668	22.039	62.417	26.003	1.405	140.478	13217.033	1.011	13073.2275	65.796	221.662	0.1173092366	0.3530929074		1.431637252	2.40037688	0.5964218638	1.392808838	6.201188802
MN-MG789	E-A	UMN Campus	44.97739	-93.23761	MN	T 	y	162.739	112.159	34.69	71.401	17.544	1.887	118.267	10161.378	1.686	6026.914591	78.792	180.283	0.09731366796	0.4858475371		1.450966931	4.069824441	0.3565183098	1.376030507	3.233179591
MN-MG789	E-B	UMN Campus	44.97739	-93.23761	MN	T 	y	174.032	152.541	39.651	74.449	13.97	2.124	96.399	12230.322	1.429	8558.657803	80.608	188.002	0.07430772013	0.5325927816		1.140886712	5.32920544	0.2140819537	1.805329931	3.847090868
MN-MG789	N-A	UMN Campus	44.97739	-93.23761	MN	T 	y	215.15	101.065	22.168	29.909	21.584	1.444	126.847	11219.725	0.944	11885.30191	56.664	236.734	0.09117406034	0.7411815841		2.128827982	1.385702372	1.536280824	1.696137867	4.55904908
MN-MG789	N-B	UMN Campus	44.97739	-93.23761	MN	T 	y	193.2	129.236	42.077	85.408	8.391	1.636	142.541	11050.089	0.776	14239.80541	65.79	201.591	0.04162388202	0.4926587673		1.494939491	10.17852461	0.1468719238	1.355399499	3.071416688
MN-MG789	S-A	UMN Campus	44.97739	-93.23761	MN	T 	y	187.699	134.179	19.883	87.747	19.452	1.956	133.302	13015.405	1.981	6570.118627	95.332	207.151	0.09390251556	0.2265946414		1.398870166	4.510950031	0.3101054448	1.408073397	6.748428306
MN-MG789	S-B	UMN Campus	44.97739	-93.23761	MN	T 	y	190.215	131.124	22.687	65.105	21.589	1.805	136.27	10598.979	1.657	6396.487025	68.009	211.804	0.101929142	0.3484678596		1.450649767	3.015656121	0.4810395179	1.395868496	5.779697624
MN-MG789	W-A	UMN Campus	44.97739	-93.23761	MN	T 	y	198.561	129.219	34.571	80.674	19.374	1.863	142	13672.838	1.469	9307.582029	79.224	217.935	0.08889806594	0.4285271587		1.536623871	4.164034273	0.3690228683	1.398316901	3.737786006
MN-MG789	W-B	UMN Campus	44.97739	-93.23761	MN	T 	y	161.17	85.946	66.24	84.006	15.608	1.767	142.727	8717.815	1.196	7289.142977	56.565	176.778	0.08829152949	0.7885151061		1.875247248	5.382239877	0.3484139115	1.129218718	1.297493961
MN-MG790	E-A	UMN Campus	44.97771	-93.23801	MN	F	y									0.865	0		0	#DIV/0!	#DIV/0!		#DIV/0!	#DIV/0!	#DIV/0!	#DIV/0!	#DIV/0!
MN-MG790	E-B	UMN Campus	44.97771	-93.23801	MN	T	y	201.809	106.647	9.025	80.127	18.164	1.202	132.949	9148.187	0.691	13239.05499	55.14	219.973	0.08257377042	0.112633694		1.892308269	4.411308082	0.4289676065	1.517942971	11.81684211
MN-MG790	N-A	UMN Campus	44.97771	-93.23801	MN	T	y	140.94	118.49	8.166	54.974	21.339	1.97	103.238	7939.789	0.719	11042.82197	120.247	162.279	0.1314957573	0.1485429476		1.189467466	2.576221941	0.4617100129	1.365194986	14.5101641
MN-MG790	N-B	UMN Campus	44.97771	-93.23801	MN	T	y	126.572	121.189	8.716	70.543	14.852	1.272	88.828	7146.257	0.709	10079.34697	105.9911	141.424	0.1050175359	0.1235558454		1.044418223	4.749730676	0.2198899883	1.424911064	13.90419917
MN-MG790	S-A	UMN Campus	44.97771	-93.23801	MN	T	y	136.659	116.903	2.381	12.933	18.244	1.285	100.029	7877.149	0.894	8811.128635	86.356	154.903	0.1177769314	0.1841026831		1.168994808	0.7088905942	1.64904827	1.366193804	49.09827803
MN-MG790	S-B	UMN Campus	44.97771	-93.23801	MN	T	y	130.354	110.736	2.926	68.908	14.032	1.106	72.604	5530.376	0.733	7544.851296	78.151	144.386	0.0971839375	0.04246241365		1.177160092	4.910775371	0.2397096189	1.795410721	37.8455229
MN-MG790	W-A	UMN Campus	44.97771	-93.23801	MN	T	y	113.822	100.336	7.408	65.219	16.939	1.137	73.207	4956.778	0.565	8773.058407	95.976	130.761	0.1295416829	0.1135865315		1.134408388	3.850227286	0.2946341355	1.554796672	13.54427646
MN-MG790	W-B	UMN Campus	44.97771	-93.23801	MN	T	y	109.285	91.79	19.208	58.985	15.84	1.171	70.245	4839.123	0.522	9270.350575	90.315	125.125	0.1265934066	0.3256421124		1.190598104	3.723800505	0.319726608	1.555769094	4.778738026
OH-MG799	E-A	Pearl King Savana	40.04433	-83.48064	OH	F	y	215.435	169	49.205	143.577	28.357	1.541	119.011	20402.303	1.996	10221.59469	83.568	243.792	0.1163163681	0.3427080939		1.274763314	5.063194273	0.2517705711	1.810210821	3.434610304
OH-MG799	E-B	Pearl King Savana	40.04433	-83.48064	OH	F	y									1.06	0		0	#DIV/0!	#DIV/0!		#DIV/0!	#DIV/0!	#DIV/0!	#DIV/0!	#DIV/0!
OH-MG799	N-A	Pearl King Savana	40.04433	-83.48064	OH	F	y	222.357	169.471	10.577	134.309	29.667	1.678	135.038	16498.452	1.992	8282.355422	84.448	252.024	0.1177149795	0.07875123782		1.312065191	4.527218795	0.2898170489	1.646625394	16.0225962
OH-MG799	N-B	Pearl King Savana	40.04433	-83.48064	OH	F	y	179.754	120.275	12.696	80.488	29.28	1.776	105	10677.82	1.285	8309.587549	97.642	209.034	0.1400729068	0.1577377994		1.494525047	2.748907104	0.5436797208	1.711942857	9.473456207
OH-MG799	S-A	Pearl King Savana	40.04433	-83.48064	OH	F	y	157.46	126.446	33.692	65.884	38.1	2.541	109.132	10650.637	1.299	8199.104696	125.712	195.56	0.1948251176	0.511383644		1.245274663	1.729238845	0.7201287816	1.442839864	3.752997744
OH-MG799	S-B	Pearl King Savana	40.04433	-83.48064	OH	F	y									1.027	0		0	#DIV/0!	#DIV/0!		#DIV/0!	#DIV/0!	#DIV/0!	#DIV/0!	#DIV/0!
OH-MG799	W-A	Pearl King Savana	40.04433	-83.48064	OH	F	y	175.123	145.446	26.933	79.767	38.429	2.096	113.302	12884.885	1.651	7804.291339	94.266	213.552	0.1799514872	0.3376458937		1.204041362	2.075698041	0.5800657605	1.545630262	5.400289608
OH-MG799	W-B	Pearl King Savana	40.04433	-83.48064	OH	F	y	170.512	137.421	22.257	56.217	31.388	1.606	106.833	12855.041	1.44	8927.111806	105.185	201.9	0.1554631005	0.3959122685		1.240800169	1.79103479	0.6927839568	1.596061142	6.174282248
OH-MG805	E-A	Pearl King Savana	40.04413	-83.47883	OH	F	y	199.799	134.07	4.421	13.278	34.161	1.946	84.925	12991.734	1.497	8678.513026	120.396	233.96	0.1460121388	0.3329567706		1.49025882	0.3886888557	3.834066241	2.35265234	30.32571816
OH-MG805	E-B	Pearl King Savana	40.04413	-83.47883	OH	F	y	186.043	129.959	4.606	17.563	28.589	1.348	134.584	9737.352	1.272	7655.150943	73.023	214.632	0.133200082	0.2622558788		1.431551489	0.6143271888	2.330275325	1.382356001	28.21515415
OH-MG805	N-A	Pearl King Savana	40.04413	-83.47883	OH	F	y	234.098	190.659	10.869	24.742	23.678	1.898	162.316	17505.246	2.235	7832.324832	108.438	257.776	0.09185494383	0.439293509		1.227836084	1.044936228	1.175034468	1.442236132	17.54154016
OH-MG805	N-B	Pearl King Savana	40.04413	-83.47883	OH	F	y	176.897	117.668	13.96	30.976	20.853	1.542	118.677	9987.477	1.305	7653.23908	77.58	197.75	0.1054513274	0.4506714876		1.503356902	1.485445739	1.01205777	1.490575259	8.428939828
OH-MG805	S-A	Pearl King Savana	40.04413	-83.47883	OH	F	y	145.313	128.247	5.364	76.036	23.085	1.601	122.453	9844.51	1.216	8095.814145	125.019	168.398	0.1370859511	0.07054553106		1.133071339	3.293740524	0.3440074683	1.186683871	23.90883669
OH-MG805	S-B	Pearl King Savana	40.04413	-83.47883	OH	F	y	158.765	133.041	8.797	36.118	22.938	1.418	100.845	8876.866	1.008	8806.414683	104.213	181.703	0.1262389724	0.2435627665		1.193353928	1.574592379	0.7578811787	1.57434677	15.12345118
OH-MG805	W-A	Pearl King Savana	40.04413	-83.47883	OH	F	y	185.566	122.573	10.404	35.339	23.18	1.626	129.941	10528.301	1.385	7601.661372	91.657	208.746	0.111044044	0.2944056142		1.513922316	1.524547023	0.9930309086	1.428078897	11.7813341
OH-MG805	W-B	Pearl King Savana	40.04413	-83.47883	OH	F	y	149.968	117.733	9.5	37.388	16.439	1.596	98.363	9027.995	1.201	7517.064946	94.559	166.407	0.09878791157	0.2540922221		1.273797491	2.274347588	0.5600715993	1.524638329	12.39294737